Admin0_Nam,Pcode_Ad_0,Admin1_Nam,Pcode_Ad_1,Admin2_Nam,Pcode_Ad_2,Admin3_Nam,Pcode_Ad_3,annee,female,male,total,source
Mali,ML,Kayes,ML01,Bafoulabe,ML0101,Tomora,ML010113,2017,21600,20245,41845,OCHA
Mali,ML,Kayes,ML01,Bafoulabe,ML0101,Sidibela,ML010112,2017,5136,4680,9816,OCHA
Mali,ML,Kayes,ML01,Bafoulabe,ML0101,Niambia,ML010110,2017,4827,4826,9653,OCHA
Mali,ML,Kayes,ML01,Bafoulabe,ML0101,Kontela,ML010107,2017,14467,13477,27944,OCHA
Mali,ML,Kayes,ML01,Bafoulabe,ML0101,Diallan,ML010104,2017,9626,9464,19090,OCHA
Mali,ML,Kayes,ML01,Bafoulabe,ML0101,Diakon,ML010103,2017,22994,20859,43853,OCHA
Mali,ML,Kayes,ML01,Bafoulabe,ML0101,Bafoulabe,ML010101,2017,12916,12762,25678,OCHA
Mali,ML,Kayes,ML01,Kenieba,ML0104,Sitakily,ML010412,2017,18201,20973,39174,OCHA
Mali,ML,Kayes,ML01,Kenieba,ML0104,Sagalo,ML010411,2017,9821,8740,18561,OCHA
Mali,ML,Kayes,ML01,Kenieba,ML0104,Guenegore,ML010407,2017,4337,4219,8556,OCHA
Mali,ML,Kayes,ML01,Kenieba,ML0104,Baye,ML010401,2017,9682,9348,19030,OCHA
Mali,ML,Kayes,ML01,Kita,ML0105,Kita Commune,ML010513,2017,32464,31249,63713,OCHA
Mali,ML,Kayes,ML01,Kita,ML0105,Niantanso,ML010524,2017,3362,3302,6664,OCHA
Mali,ML,Koulikouro,ML02,Kati,ML0204,Sobra,ML020434,2017,6479,6258,12737,OCHA
Mali,ML,Kayes,ML01,Kita,ML0105,Makano,ML010522,2017,7202,7125,14327,OCHA
Mali,ML,Koulikouro,ML02,Kati,ML0204,Bossofala,ML020403,2017,10993,10962,21955,OCHA
Mali,ML,Koulikouro,ML02,Kati,ML0204,Mountougoula,ML020422,2017,10695,10389,21084,OCHA
Mali,ML,Koulikouro,ML02,Kati,ML0204,N'gouraba,ML020424,2017,11502,11488,22990,OCHA
Mali,ML,Sikasso,ML03,Bougouni,ML0301,Tiemala Banimonotie,ML030122,2017,11096,10694,21790,OCHA
Mali,ML,Koulikouro,ML02,Koulikoro,ML0206,Tougouni,ML020609,2017,8139,8204,16343,OCHA
Mali,ML,Koulikouro,ML02,Koulikoro,ML0206,Dinandougou,ML020601,2017,14017,13734,27751,OCHA
Mali,ML,Segou,ML04,Baroueli,ML0401,Boidie,ML040102,2017,14386,14269,28655,OCHA
Mali,ML,Koulikouro,ML02,Koulikoro,ML0206,Nyamina,ML020606,2017,23232,23262,46494,OCHA
Mali,ML,Segou,ML04,Baroueli,ML0401,Tamani,ML040110,2017,8772,8194,16966,OCHA
Mali,ML,Kayes,ML01,Kita,ML0105,Gadougou 1,ML010509,2017,16713,16252,32965,OCHA
Mali,ML,Kayes,ML01,Kita,ML0105,Djougoun,ML010508,2017,5742,5212,10954,OCHA
Mali,ML,Kayes,ML01,Kita,ML0105,Bougarybaya,ML010505,2017,6825,6276,13101,OCHA
Mali,ML,Kayes,ML01,Kita,ML0105,Badia,ML010501,2017,4741,4530,9271,OCHA
Mali,ML,Kayes,ML01,Kayes,ML0103,Fegui,ML010306,2017,2512,2596,5108,OCHA
Mali,ML,Kayes,ML01,Kayes,ML0103,Kayes Commune,ML010312,2017,79487,84619,164106,OCHA
Mali,ML,Kayes,ML01,Kayes,ML0103,Tafacirga,ML010328,2017,5835,6020,11855,OCHA
Mali,ML,Kayes,ML01,Kayes,ML0103,Sero Diamanou,ML010325,2017,15235,15085,30320,OCHA
Mali,ML,Kayes,ML01,Kayes,ML0103,Segala,ML010324,2017,16786,16735,33521,OCHA
Mali,ML,Kayes,ML01,Kayes,ML0103,Sahel,ML010322,2017,8040,7844,15884,OCHA
Mali,ML,Kayes,ML01,Kayes,ML0103,Sadiola,ML010321,2017,24547,26650,51197,OCHA
Mali,ML,Kayes,ML01,Kayes,ML0103,Logo,ML010318,2017,7752,7823,15575,OCHA
Mali,ML,Kayes,ML01,Kayes,ML0103,Koussane,ML010316,2017,14443,13604,28047,OCHA
Mali,ML,Kayes,ML01,Kayes,ML0103,Hawa Dembaya,ML010310,2017,4475,4424,8899,OCHA
Mali,ML,Kayes,ML01,Kayes,ML0103,Faleme,ML010305,2017,6517,6678,13195,OCHA
Mali,ML,Kayes,ML01,Kayes,ML0103,Djelebou,ML010304,2017,15707,14896,30603,OCHA
Mali,ML,Kayes,ML01,Kayes,ML0103,Diamou,ML010303,2017,9113,9243,18356,OCHA
Mali,ML,Koulikouro,ML02,Kati,ML0204,N'tjiba,ML020427,2017,14472,13841,28313,OCHA
Mali,ML,Kayes,ML01,Kita,ML0105,Kotouba,ML010518,2017,3768,3789,7557,OCHA
Mali,ML,Koulikouro,ML02,Kati,ML0204,Daban,ML020405,2017,7246,7252,14498,OCHA
Mali,ML,Kayes,ML01,Kita,ML0105,Kassaro,ML010512,2017,14203,13865,28068,OCHA
Mali,ML,Sikasso,ML03,Bougouni,ML0301,Bougouni Commune,ML030102,2017,37620,38431,76051,OCHA
Mali,ML,Segou,ML04,Segou,ML0406,Souba,ML040629,2017,13223,12825,26048,OCHA
Mali,ML,Segou,ML04,Baroueli,ML0401,Somo,ML040109,2017,4570,4361,8931,OCHA
Mali,ML,Sikasso,ML03,Bougouni,ML0301,Sido,ML030120,2017,13710,13341,27051,OCHA
Mali,ML,Sikasso,ML03,Sikasso,ML0305,Nongo-Souala,ML030532,2017,6607,6441,13048,OCHA
Mali,ML,Sikasso,ML03,Sikasso,ML0305,Kouoro,ML030524,2017,9830,9785,19615,OCHA
Mali,ML,Tombouctou,ML06,Tombouctou,ML0605,Bourem Inaly,ML060503,2017,7982,7098,15080,OCHA
Mali,ML,Kayes,ML01,Kayes,ML0103,Colimbine,ML010302,2017,8253,7981,16234,OCHA
Mali,ML,Kayes,ML01,Kayes,ML0103,Goumera,ML010308,2017,2472,2491,4963,OCHA
Mali,ML,Kayes,ML01,Diema,ML0102,Madiga Sacko,ML010214,2017,9407,8697,18104,OCHA
Mali,ML,Kayes,ML01,Diema,ML0102,Lakamane,ML010212,2017,10534,10204,20738,OCHA
Mali,ML,Kayes,ML01,Diema,ML0102,Dieoura,ML010205,2017,8123,7155,15278,OCHA
Mali,ML,Kayes,ML01,Diema,ML0102,Diema,ML010204,2017,19995,19589,39584,OCHA
Mali,ML,Kayes,ML01,Diema,ML0102,Diangounte Camara,ML010202,2017,19391,17591,36982,OCHA
Mali,ML,Kayes,ML01,Diema,ML0102,Bema,ML010201,2017,17022,16013,33035,OCHA
Mali,ML,Kayes,ML01,Diema,ML0102,Fatao,ML010208,2017,5834,4999,10833,OCHA
Mali,ML,Kayes,ML01,Yelimane,ML0107,Toya,ML010711,2017,8692,7733,16425,OCHA
Mali,ML,Kayes,ML01,Yelimane,ML0107,Tringa,ML010712,2017,8543,7750,16293,OCHA
Mali,ML,Kayes,ML01,Yelimane,ML0107,Kremis,ML010708,2017,7237,7110,14347,OCHA
Mali,ML,Kayes,ML01,Yelimane,ML0107,Konsiga,ML010707,2017,3403,2998,6401,OCHA
Mali,ML,Kayes,ML01,Yelimane,ML0107,Kirane Kaniaga,ML010706,2017,23428,21907,45335,OCHA
Mali,ML,Kayes,ML01,Yelimane,ML0107,Guidime,ML010705,2017,26528,25207,51735,OCHA
Mali,ML,Kayes,ML01,Yelimane,ML0107,Fanga,ML010703,2017,5288,5017,10305,OCHA
Mali,ML,Kayes,ML01,Yelimane,ML0107,Diafounou Gory,ML010702,2017,13759,12548,26307,OCHA
Mali,ML,Kayes,ML01,Nioro,ML0106,Nioro Commune,ML010610,2017,21348,22420,43768,OCHA
Mali,ML,Kayes,ML01,Nioro,ML0106,Yerere,ML010615,2017,8990,8531,17521,OCHA
Mali,ML,Kayes,ML01,Nioro,ML0106,Simbi,ML010613,2017,13390,12713,26103,OCHA
Mali,ML,Kayes,ML01,Nioro,ML0106,Sandare,ML010612,2017,16913,16365,33278,OCHA
Mali,ML,Kayes,ML01,Nioro,ML0106,Korera Kore,ML010609,2017,12957,12280,25237,OCHA
Mali,ML,Kayes,ML01,Nioro,ML0106,Guetema,ML010607,2017,6298,5825,12123,OCHA
Mali,ML,Kayes,ML01,Nioro,ML0106,Gogui,ML010606,2017,8783,8036,16819,OCHA
Mali,ML,Kayes,ML01,Nioro,ML0106,Gavinane,ML010605,2017,10397,9972,20369,OCHA
Mali,ML,Kayes,ML01,Nioro,ML0106,Diarra,ML010603,2017,4823,4448,9271,OCHA
Mali,ML,Kayes,ML01,Nioro,ML0106,Diabigue,ML010602,2017,6386,5835,12221,OCHA
Mali,ML,Kayes,ML01,Nioro,ML0106,Baniere Kore,ML010601,2017,3670,3684,7354,OCHA
Mali,ML,Koulikouro,ML02,Banamba,ML0201,Toukoroba,ML020109,2017,7877,7655,15532,OCHA
Mali,ML,Koulikouro,ML02,Banamba,ML0201,Sebete,ML020107,2017,2657,2618,5275,OCHA
Mali,ML,Koulikouro,ML02,Banamba,ML0201,Madina Sacko,ML020106,2017,17175,16791,33966,OCHA
Mali,ML,Koulikouro,ML02,Banamba,ML0201,Kiban,ML020105,2017,8049,8047,16096,OCHA
Mali,ML,Koulikouro,ML02,Banamba,ML0201,Duguwolowula,ML020104,2017,27763,28139,55902,OCHA
Mali,ML,Koulikouro,ML02,Banamba,ML0201,Ben Kadi,ML020102,2017,5870,5916,11786,OCHA
Mali,ML,Koulikouro,ML02,Banamba,ML0201,Banamba,ML020101,2017,20826,20594,41420,OCHA
Mali,ML,Koulikouro,ML02,Banamba,ML0201,Toubacoro,ML020108,2017,9427,9248,18675,OCHA
Mali,ML,Koulikouro,ML02,Kangaba,ML0203,Karan Commune,ML020304,2017,4212,4071,8283,OCHA
Mali,ML,Koulikouro,ML02,Kangaba,ML0203,Nouga,ML020308,2017,7312,7053,14365,OCHA
Mali,ML,Koulikouro,ML02,Kangaba,ML0203,Narena,ML020307,2017,8341,7968,16309,OCHA
Mali,ML,Koulikouro,ML02,Kangaba,ML0203,Balan Bakama,ML020301,2017,4530,4422,8952,OCHA
Mali,ML,Koulikouro,ML02,Kangaba,ML0203,Benkadi,ML020302,2017,6098,6159,12257,OCHA
Mali,ML,Koulikouro,ML02,Kati,ML0204,Kati Commune,ML020418,2017,55242,54546,109788,OCHA
Mali,ML,Koulikouro,ML02,Kati,ML0204,Siby,ML020433,2017,15740,15773,31513,OCHA
Mali,ML,Koulikouro,ML02,Kati,ML0204,Ouelessebougou,ML020428,2017,32930,32084,65014,OCHA
Mali,ML,Segou,ML04,Segou,ML0406,Konodimini,ML040615,2017,10537,10136,20673,OCHA
Mali,ML,Sikasso,ML03,Bougouni,ML0301,Keleya,ML030111,2017,13650,13020,26670,OCHA
Mali,ML,Sikasso,ML03,Bougouni,ML0301,Danou,ML030103,2017,8967,8525,17492,OCHA
Mali,ML,Sikasso,ML03,Sikasso,ML0305,Kabarasso,ML030514,2017,5772,5252,11024,OCHA
Mali,ML,Koulikouro,ML02,Dioila,ML0202,Niantjila,ML020220,2017,9700,8883,18583,OCHA
Mali,ML,Koulikouro,ML02,Kati,ML0204,Nioumakana,ML020426,2017,5653,5294,10947,OCHA
Mali,ML,Koulikouro,ML02,Kati,ML0204,Kalifabougou,ML020416,2017,7839,7259,15098,OCHA
Mali,ML,Koulikouro,ML02,Kati,ML0204,Doubabougou,ML020413,2017,6478,6326,12804,OCHA
Mali,ML,Koulikouro,ML02,Kati,ML0204,Dio Gare,ML020410,2017,8475,8080,16555,OCHA
Mali,ML,Koulikouro,ML02,Kati,ML0204,Diedougou,ML020409,2017,6979,6678,13657,OCHA
Mali,ML,Koulikouro,ML02,Kati,ML0204,Bougoula,ML020404,2017,6968,7039,14007,OCHA
Mali,ML,Koulikouro,ML02,Kati,ML0204,Moribabougou,ML020421,2017,17672,17484,35156,OCHA
Mali,ML,Koulikouro,ML02,Kolokani,ML0205,Tioribougou,ML020510,2017,8444,8059,16503,OCHA
Mali,ML,Koulikouro,ML02,Kolokani,ML0205,Ouolodo,ML020507,2017,6547,6396,12943,OCHA
Mali,ML,Koulikouro,ML02,Kolokani,ML0205,Nossombougou,ML020506,2017,13824,13129,26953,OCHA
Mali,ML,Koulikouro,ML02,Kolokani,ML0205,Nonkon,ML020505,2017,12079,11477,23556,OCHA
Mali,ML,Koulikouro,ML02,Kolokani,ML0205,Massantola,ML020504,2017,23364,22581,45945,OCHA
Mali,ML,Koulikouro,ML02,Kolokani,ML0205,Kolokani,ML020503,2017,29400,28054,57454,OCHA
Mali,ML,Koulikouro,ML02,Koulikoro,ML0206,Koulikoro Commune,ML020604,2017,26841,27210,54051,OCHA
Mali,ML,Sikasso,ML03,Bougouni,ML0301,Yinindougou,ML030124,2017,5821,5826,11647,OCHA
Mali,ML,Segou,ML04,Segou,ML0406,Segou Commune,ML040626,2017,86633,86811,173444,OCHA
Mali,ML,Koulikouro,ML02,Kati,ML0204,Sanankoro Djitoumou,ML020430,2017,8748,8567,17315,OCHA
Mali,ML,Sikasso,ML03,Yanfolila,ML0306,Wassoulou Balle,ML030611,2017,33702,33170,66872,OCHA
Mali,ML,Sikasso,ML03,Koutiala,ML0304,Zangasso,ML030434,2017,13128,12200,25328,OCHA
Mali,ML,Sikasso,ML03,Koutiala,ML0304,Diouradougou Kafo,ML030402,2017,6104,5913,12017,OCHA
Mali,ML,Koulikouro,ML02,Dioila,ML0202,Banco,ML020201,2017,22009,20839,42848,OCHA
Mali,ML,Koulikouro,ML02,Dioila,ML0202,Zan Coulibaly,ML020223,2017,12024,11998,24022,OCHA
Mali,ML,Koulikouro,ML02,Dioila,ML0202,N'golobougou,ML020219,2017,14506,13880,28386,OCHA
Mali,ML,Koulikouro,ML02,Dioila,ML0202,Kerela,ML020213,2017,8245,8159,16404,OCHA
Mali,ML,Koulikouro,ML02,Dioila,ML0202,Degnekoro,ML020204,2017,6754,6344,13098,OCHA
Mali,ML,Koulikouro,ML02,Dioila,ML0202,Binko,ML020203,2017,13055,12796,25851,OCHA
Mali,ML,Koulikouro,ML02,Nara,ML0207,Ouagadou,ML020711,2017,12119,11566,23685,OCHA
Mali,ML,Koulikouro,ML02,Nara,ML0207,Niamana,ML020710,2017,18514,17969,36483,OCHA
Mali,ML,Koulikouro,ML02,Nara,ML0207,Nara,ML020709,2017,19516,18944,38460,OCHA
Mali,ML,Koulikouro,ML02,Nara,ML0207,Koronga,ML020708,2017,7114,7191,14305,OCHA
Mali,ML,Koulikouro,ML02,Nara,ML0207,Guire,ML020707,2017,12782,13040,25822,OCHA
Mali,ML,Koulikouro,ML02,Nara,ML0207,Gueneibe,ML020706,2017,5625,5744,11369,OCHA
Mali,ML,Sikasso,ML03,Yanfolila,ML0306,Gouanan,ML030605,2017,16658,15976,32634,OCHA
Mali,ML,Koulikouro,ML02,Kati,ML0204,Tiele,ML020436,2017,12221,11807,24028,OCHA
Mali,ML,Koulikouro,ML02,Dioila,ML0202,Kemekafo,ML020212,2017,15826,15920,31746,OCHA
Mali,ML,Sikasso,ML03,Yanfolila,ML0306,Sere Moussa Ani Samo,ML030609,2017,12295,12108,24403,OCHA
Mali,ML,Sikasso,ML03,Sikasso,ML0305,Koumankou,ML030523,2017,5843,5790,11633,OCHA
Mali,ML,Koulikouro,ML02,Dioila,ML0202,Diebe,ML020205,2017,5944,5364,11308,OCHA
Mali,ML,Koulikouro,ML02,Dioila,ML0202,Jekafo,ML020210,2017,4417,4210,8627,OCHA
Mali,ML,Koulikouro,ML02,Dioila,ML0202,Nangola,ML020216,2017,12260,11913,24173,OCHA
Mali,ML,Koulikouro,ML02,Nara,ML0207,Fallou,ML020705,2017,19741,19282,39023,OCHA
Mali,ML,Koulikouro,ML02,Nara,ML0207,Dogofry,ML020704,2017,23079,21947,45026,OCHA
Mali,ML,Koulikouro,ML02,Nara,ML0207,Dilly,ML020703,2017,24885,25070,49955,OCHA
Mali,ML,Koulikouro,ML02,Nara,ML0207,Dabo,ML020702,2017,7916,7186,15102,OCHA
Mali,ML,Koulikouro,ML02,Nara,ML0207,Allahina,ML020701,2017,7819,7242,15061,OCHA
Mali,ML,Koulikouro,ML02,Banamba,ML0201,Boron,ML020103,2017,24956,24553,49509,OCHA
Mali,ML,Sikasso,ML03,Bougouni,ML0301,Bladie-Tiemala,ML030101,2017,3141,2840,5981,OCHA
Mali,ML,Sikasso,ML03,Bougouni,ML0301,Faragouaran,ML030109,2017,7092,6581,13673,OCHA
Mali,ML,Segou,ML04,Macina,ML0403,Monimpebougou,ML040307,2017,22421,21691,44112,OCHA
Mali,ML,Segou,ML04,Macina,ML0403,Macina,ML040305,2017,24101,23023,47124,OCHA
Mali,ML,Segou,ML04,Macina,ML0403,Kolongo,ML040304,2017,22894,21504,44398,OCHA
Mali,ML,Segou,ML04,Macina,ML0403,Kokry Centre,ML040303,2017,11307,11408,22715,OCHA
Mali,ML,Segou,ML04,Macina,ML0403,Folomana,ML040302,2017,5469,5457,10926,OCHA
Mali,ML,Segou,ML04,Macina,ML0403,Boky Were,ML040301,2017,9948,10062,20010,OCHA
Mali,ML,Segou,ML04,Tominian,ML0407,Tominian,ML040711,2017,16282,16266,32548,OCHA
Mali,ML,Mopti,ML05,Djenne,ML0503,Djenne Commune,ML050303,2017,16817,17302,34119,OCHA
Mali,ML,Mopti,ML05,Djenne,ML0503,Pondori,ML050311,2017,6583,6394,12977,OCHA
Mali,ML,Mopti,ML05,Djenne,ML0503,Nema Badenyakafo,ML050308,2017,30492,29779,60271,OCHA
Mali,ML,Mopti,ML05,Djenne,ML0503,Madiama,ML050307,2017,7921,7449,15370,OCHA
Mali,ML,Mopti,ML05,Djenne,ML0503,Derrary,ML050302,2017,4701,4342,9043,OCHA
Mali,ML,Mopti,ML05,Douentza,ML0504,Douentza Commune,ML050406,2017,15114,16067,31181,OCHA
Mali,ML,Mopti,ML05,Douentza,ML0504,Tedie,ML050415,2017,5880,5540,11420,OCHA
Mali,ML,Mopti,ML05,Douentza,ML0504,Mondoro,ML050413,2017,26409,28399,54808,OCHA
Mali,ML,Mopti,ML05,Douentza,ML0504,Korarou,ML050411,2017,2099,2381,4480,OCHA
Mali,ML,Mopti,ML05,Douentza,ML0504,Kerena,ML050410,2017,2468,2601,5069,OCHA
Mali,ML,Mopti,ML05,Douentza,ML0504,Hombori,ML050409,2017,15005,15004,30009,OCHA
Mali,ML,Mopti,ML05,Douentza,ML0504,Haire,ML050408,2017,19423,19556,38979,OCHA
Mali,ML,Mopti,ML05,Douentza,ML0504,Gandamia,ML050407,2017,3826,3916,7742,OCHA
Mali,ML,Mopti,ML05,Douentza,ML0504,Djaptodji,ML050405,2017,23223,23841,47064,OCHA
Mali,ML,Mopti,ML05,Douentza,ML0504,Dianwely,ML050404,2017,5576,5658,11234,OCHA
Mali,ML,Mopti,ML05,Douentza,ML0504,Debere,ML050403,2017,4569,4462,9031,OCHA
Mali,ML,Mopti,ML05,Douentza,ML0504,Dangol Bore,ML050402,2017,17325,17149,34474,OCHA
Mali,ML,Mopti,ML05,Mopti,ML0506,Mopti Commune,ML050609,2017,78856,78042,156898,OCHA
Mali,ML,Mopti,ML05,Mopti,ML0506,Sasalbe,ML050612,2017,3967,3821,7788,OCHA
Mali,ML,Sikasso,ML03,Bougouni,ML0301,Zantiebougou,ML030126,2017,23515,22952,46467,OCHA
Mali,ML,Sikasso,ML03,Bougouni,ML0301,Kokele,ML030112,2017,4196,4218,8414,OCHA
Mali,ML,Koulikouro,ML02,Kati,ML0204,Mande,ML020420,2017,37178,37333,74511,OCHA
Mali,ML,Mopti,ML05,Koro,ML0505,Yoro,ML050515,2017,12626,12196,24822,OCHA
Mali,ML,Mopti,ML05,Koro,ML0505,Madougou,ML050513,2017,19263,18332,37595,OCHA
Mali,ML,Mopti,ML05,Koro,ML0505,Koro,ML050512,2017,41367,40911,82278,OCHA
Mali,ML,Mopti,ML05,Koro,ML0505,Koporokendie Na,ML050511,2017,12154,11881,24035,OCHA
Mali,ML,Mopti,ML05,Koro,ML0505,Koporo Pen,ML050510,2017,12320,12055,24375,OCHA
Mali,ML,Mopti,ML05,Koro,ML0505,Kassa,ML050509,2017,12866,11685,24551,OCHA
Mali,ML,Mopti,ML05,Koro,ML0505,Dougoutene 2,ML050508,2017,14060,13276,27336,OCHA
Mali,ML,Mopti,ML05,Koro,ML0505,Dougoutene 1,ML050507,2017,13764,13423,27187,OCHA
Mali,ML,Mopti,ML05,Koro,ML0505,Diougani,ML050506,2017,21439,20840,42279,OCHA
Mali,ML,Mopti,ML05,Koro,ML0505,Dinangourou,ML050505,2017,21491,21144,42635,OCHA
Mali,ML,Mopti,ML05,Koro,ML0505,Diankabou,ML050504,2017,7567,7519,15086,OCHA
Mali,ML,Mopti,ML05,Koro,ML0505,Bondo,ML050503,2017,12839,12610,25449,OCHA
Mali,ML,Mopti,ML05,Bankass,ML0502,Ouonkoro,ML050208,2017,14474,15014,29488,OCHA
Mali,ML,Mopti,ML05,Bankass,ML0502,Sokoura,ML050210,2017,24875,25219,50094,OCHA
Mali,ML,Mopti,ML05,Bankass,ML0502,Tori,ML050212,2017,11940,11455,23395,OCHA
Mali,ML,Mopti,ML05,Bankass,ML0502,Baye,ML050202,2017,25098,25217,50315,OCHA
Mali,ML,Mopti,ML05,Bankass,ML0502,Diallassagou,ML050203,2017,14877,14621,29498,OCHA
Mali,ML,Mopti,ML05,Bankass,ML0502,Koulogon Habe,ML050206,2017,9566,9282,18848,OCHA
Mali,ML,Mopti,ML05,Bankass,ML0502,Segue,ML050209,2017,14590,14074,28664,OCHA
Mali,ML,Mopti,ML05,Bankass,ML0502,Soubala,ML050211,2017,7022,6856,13878,OCHA
Mali,ML,Mopti,ML05,Bankass,ML0502,Bankass,ML050201,2017,19765,19822,39587,OCHA
Mali,ML,Mopti,ML05,Bankass,ML0502,Dimbal Habe,ML050204,2017,11685,11282,22967,OCHA
Mali,ML,Mopti,ML05,Bankass,ML0502,Kani Bozon,ML050205,2017,8274,8718,16992,OCHA
Mali,ML,Mopti,ML05,Bandiagara,ML0501,Bandiagara Commune,ML050101,2017,10806,11492,22298,OCHA
Mali,ML,Mopti,ML05,Bandiagara,ML0501,Timiri,ML050120,2017,11460,11375,22835,OCHA
Mali,ML,Mopti,ML05,Bandiagara,ML0501,Soroly,ML050119,2017,4985,4491,9476,OCHA
Mali,ML,Mopti,ML05,Bandiagara,ML0501,Sangha,ML050117,2017,20478,19527,40005,OCHA
Mali,ML,Mopti,ML05,Bandiagara,ML0501,Pignari Bana,ML050116,2017,20283,18788,39071,OCHA
Mali,ML,Mopti,ML05,Bandiagara,ML0501,Pignari,ML050115,2017,10811,10054,20865,OCHA
Mali,ML,Mopti,ML05,Bandiagara,ML0501,Lowol Gueou,ML050111,2017,5754,5880,11634,OCHA
Mali,ML,Mopti,ML05,Bandiagara,ML0501,Kendie,ML050110,2017,17314,15786,33100,OCHA
Mali,ML,Mopti,ML05,Bandiagara,ML0501,Dourou,ML050108,2017,12805,12555,25360,OCHA
Mali,ML,Mopti,ML05,Bandiagara,ML0501,Dogani Bere,ML050106,2017,2979,2760,5739,OCHA
Mali,ML,Mopti,ML05,Bandiagara,ML0501,Bara Sara,ML050102,2017,9731,9795,19526,OCHA
Mali,ML,Mopti,ML05,Bandiagara,ML0501,Segue Ire,ML050118,2017,10520,8783,19303,OCHA
Mali,ML,Mopti,ML05,Youwarou,ML0508,Youwarou,ML050807,2017,15244,15038,30282,OCHA
Mali,ML,Mopti,ML05,Youwarou,ML0508,N'dodjiga,ML050806,2017,14525,14453,28978,OCHA
Mali,ML,Mopti,ML05,Youwarou,ML0508,Farimake,ML050805,2017,7639,7839,15478,OCHA
Mali,ML,Mopti,ML05,Youwarou,ML0508,Dongo,ML050804,2017,7519,7387,14906,OCHA
Mali,ML,Mopti,ML05,Youwarou,ML0508,Bimbere Tama,ML050801,2017,5519,5182,10701,OCHA
Mali,ML,Mopti,ML05,Tenenkou,ML0507,Tenenkou Commune,ML050708,2017,7376,7267,14643,OCHA
Mali,ML,Mopti,ML05,Tenenkou,ML0507,Toguere-Coumbe,ML050710,2017,18254,17564,35818,OCHA
Mali,ML,Mopti,ML05,Tenenkou,ML0507,Togoro Kotia,ML050709,2017,9088,8648,17736,OCHA
Mali,ML,Mopti,ML05,Tenenkou,ML0507,Sougoulbe,ML050707,2017,6342,5679,12021,OCHA
Mali,ML,Mopti,ML05,Tenenkou,ML0507,Diondiori,ML050703,2017,13476,13141,26617,OCHA
Mali,ML,Mopti,ML05,Tenenkou,ML0507,Diaka,ML050702,2017,12766,12537,25303,OCHA
Mali,ML,Tombouctou,ML06,Niafunke,ML0604,Dianke,ML060402,2017,6857,6720,13577,OCHA
Mali,ML,Tombouctou,ML06,Niafunke,ML0604,Fittouga,ML060403,2017,19602,19513,39115,OCHA
Mali,ML,Tombouctou,ML06,Niafunke,ML0604,Koumaira,ML060404,2017,9273,9482,18755,OCHA
Mali,ML,Tombouctou,ML06,Niafunke,ML0604,Lere,ML060405,2017,11426,11229,22655,OCHA
Mali,ML,Tombouctou,ML06,Niafunke,ML0604,Soboundou,ML060407,2017,26284,26254,52538,OCHA
Mali,ML,Tombouctou,ML06,Niafunke,ML0604,Soumpi,ML060408,2017,10918,11108,22026,OCHA
Mali,ML,Tombouctou,ML06,Tombouctou,ML0605,Ber,ML060502,2017,11719,12931,24650,OCHA
Mali,ML,Sikasso,ML03,Bougouni,ML0301,Defina,ML030105,2017,5444,4973,10417,OCHA
Mali,ML,Tombouctou,ML06,Dire,ML0601,Dangha,ML060104,2017,8420,8351,16771,OCHA
Mali,ML,Tombouctou,ML06,Dire,ML0601,Haibongo,ML060107,2017,9288,9240,18528,OCHA
Mali,ML,Tombouctou,ML06,Dire,ML0601,Kirchamba,ML060108,2017,2638,2716,5354,OCHA
Mali,ML,Tombouctou,ML06,Dire,ML0601,Kondi,ML060109,2017,1953,2011,3964,OCHA
Mali,ML,Tombouctou,ML06,Dire,ML0601,Sareyamou,ML060110,2017,11084,10939,22023,OCHA
Mali,ML,Tombouctou,ML06,Dire,ML0601,Dire,ML060105,2017,13183,13247,26430,OCHA
Mali,ML,Tombouctou,ML06,Goundam,ML0602,Tilemsi,ML060214,2017,4516,5090,9606,OCHA
Mali,ML,Tombouctou,ML06,Goundam,ML0602,Bintagoungou,ML060203,2017,5520,5283,10803,OCHA
Mali,ML,Tombouctou,ML06,Goundam,ML0602,Douekire,ML060204,2017,11821,11695,23516,OCHA
Mali,ML,Tombouctou,ML06,Goundam,ML0602,Essakane,ML060206,2017,7191,7570,14761,OCHA
Mali,ML,Tombouctou,ML06,Goundam,ML0602,Kaneye,ML060210,2017,1514,1516,3030,OCHA
Mali,ML,Tombouctou,ML06,Goundam,ML0602,M'bouna,ML060211,2017,2517,2461,4978,OCHA
Mali,ML,Tombouctou,ML06,Goundam,ML0602,Razelma,ML060212,2017,2698,3017,5715,OCHA
Mali,ML,Kayes,ML01,Kenieba,ML0104,Dombia,ML010404,2017,5092,4757,9849,OCHA
Mali,ML,Kayes,ML01,Kita,ML0105,Souransan Tomoto,ML010531,2017,5660,5408,11068,OCHA
Mali,ML,Kayes,ML01,Kita,ML0105,Sefeto Nord,ML010527,2017,7967,7047,15014,OCHA
Mali,ML,Sikasso,ML03,Yanfolila,ML0306,Koussan,ML030607,2017,6590,6649,13239,OCHA
Mali,ML,Kayes,ML01,Kita,ML0105,Kita Nord,ML010514,2017,5497,5633,11130,OCHA
Mali,ML,Kayes,ML01,Kayes,ML0103,Koniakary,ML010315,2017,5300,5275,10575,OCHA
Mali,ML,Kayes,ML01,Kayes,ML0103,Marintoumania,ML010320,2017,5274,5197,10471,OCHA
Mali,ML,Kayes,ML01,Kayes,ML0103,Marena Diombougou,ML010319,2017,12570,11687,24257,OCHA
Mali,ML,Kayes,ML01,Kayes,ML0103,Khouloum,ML010314,2017,12030,12645,24675,OCHA
Mali,ML,Kayes,ML01,Kayes,ML0103,Karakoro,ML010311,2017,10094,9660,19754,OCHA
Mali,ML,Sikasso,ML03,Bougouni,ML0301,Kouroulamini,ML030115,2017,4127,3985,8112,OCHA
Mali,ML,Sikasso,ML03,Bougouni,ML0301,Faradiele,ML030108,2017,1739,1753,3492,OCHA
Mali,ML,Segou,ML04,Baroueli,ML0401,Dougoufie,ML040103,2017,6130,5899,12029,OCHA
Mali,ML,Segou,ML04,Segou,ML0406,Sama Foulala,ML040622,2017,4717,4418,9135,OCHA
Mali,ML,Sikasso,ML03,Sikasso,ML0305,Benkadi,ML030501,2017,5312,5034,10346,OCHA
Mali,ML,Kayes,ML01,Kayes,ML0103,Gory Gopela,ML010307,2017,5101,5117,10218,OCHA
Mali,ML,Kayes,ML01,Diema,ML0102,Sansankide,ML010215,2017,3297,3163,6460,OCHA
Mali,ML,Kayes,ML01,Diema,ML0102,Guedebine,ML010211,2017,3298,3312,6610,OCHA
Mali,ML,Kayes,ML01,Diema,ML0102,Groumera,ML010210,2017,7875,7089,14964,OCHA
Mali,ML,Kayes,ML01,Diema,ML0102,Gomitradougou,ML010209,2017,4752,4726,9478,OCHA
Mali,ML,Kayes,ML01,Diema,ML0102,Fassou Debe,ML010207,2017,3646,3459,7105,OCHA
Mali,ML,Kayes,ML01,Diema,ML0102,Lambidou,ML010213,2017,10082,9133,19215,OCHA
Mali,ML,Kayes,ML01,Yelimane,ML0107,Soumpou,ML010710,2017,3233,3071,6304,OCHA
Mali,ML,Kayes,ML01,Yelimane,ML0107,Marekaffo,ML010709,2017,3667,3249,6916,OCHA
Mali,ML,Kayes,ML01,Yelimane,ML0107,Gory,ML010704,2017,8405,7965,16370,OCHA
Mali,ML,Kayes,ML01,Yelimane,ML0107,Diafounou Diongaga,ML010701,2017,6515,6057,12572,OCHA
Mali,ML,Kayes,ML01,Nioro,ML0106,Youri,ML010616,2017,4891,4353,9244,OCHA
Mali,ML,Kayes,ML01,Nioro,ML0106,Troungoumbe,ML010614,2017,8453,7770,16223,OCHA
Mali,ML,Kayes,ML01,Nioro,ML0106,Nioro Tougoune Ranga,ML010611,2017,8822,8327,17149,OCHA
Mali,ML,Kayes,ML01,Nioro,ML0106,Kadiaba Kadiel,ML010608,2017,6422,6472,12894,OCHA
Mali,ML,Kayes,ML01,Nioro,ML0106,Diaye Coura,ML010604,2017,9303,8517,17820,OCHA
Mali,ML,Koulikouro,ML02,Kati,ML0204,Sangarebougou,ML020432,2017,30105,31210,61315,OCHA
Mali,ML,Segou,ML04,Segou,ML0406,Farako,ML040610,2017,7905,7387,15292,OCHA
Mali,ML,Tombouctou,ML06,Tombouctou,ML0605,Alafia,ML060501,2017,8512,8268,16780,OCHA
Mali,ML,Koulikouro,ML02,Kati,ML0204,Dialakorodji,ML020408,2017,30727,30969,61696,OCHA
Mali,ML,Koulikouro,ML02,Kati,ML0204,Diago,ML020406,2017,6139,6089,12228,OCHA
Mali,ML,Koulikouro,ML02,Kati,ML0204,Dombila,ML020412,2017,8953,8524,17477,OCHA
Mali,ML,Segou,ML04,Segou,ML0406,Sebougou,ML040625,2017,10809,10302,21111,OCHA
Mali,ML,Segou,ML04,Segou,ML0406,Diganibougou,ML040606,2017,10184,10109,20293,OCHA
Mali,ML,Sikasso,ML03,Koutiala,ML0304,N'golonianasso,ML030422,2017,13327,12399,25726,OCHA
Mali,ML,Sikasso,ML03,Koutiala,ML0304,Fagui,ML030403,2017,7306,6918,14224,OCHA
Mali,ML,Sikasso,ML03,Sikasso,ML0305,Tella,ML030538,2017,5078,4804,9882,OCHA
Mali,ML,Koulikouro,ML02,Dioila,ML0202,Wacoro,ML020222,2017,9821,9667,19488,OCHA
Mali,ML,Koulikouro,ML02,Dioila,ML0202,Diouman,ML020207,2017,12370,12544,24914,OCHA
Mali,ML,Koulikouro,ML02,Dioila,ML0202,Kilidougou,ML020214,2017,10303,9845,20148,OCHA
Mali,ML,Sikasso,ML03,Kolondieba,ML0303,N'golodiana,ML030310,2017,4700,4227,8927,OCHA
Mali,ML,Sikasso,ML03,Bougouni,ML0301,Syen Toula,ML030121,2017,6185,6098,12283,OCHA
Mali,ML,Sikasso,ML03,Yanfolila,ML0306,Tagandougou,ML030610,2017,9856,9775,19631,OCHA
Mali,ML,Sikasso,ML03,Koutiala,ML0304,Sinkolo,ML030427,2017,8260,7869,16129,OCHA
Mali,ML,Koulikouro,ML02,Dioila,ML0202,Dolendougou,ML020208,2017,9600,8875,18475,OCHA
Mali,ML,Koulikouro,ML02,Dioila,ML0202,Benkadi,ML020202,2017,5311,4951,10262,OCHA
Mali,ML,Sikasso,ML03,Koutiala,ML0304,Fakolo,ML030404,2017,7506,7114,14620,OCHA
Mali,ML,Sikasso,ML03,Koutiala,ML0304,Gouadji Kao,ML030406,2017,8902,8543,17445,OCHA
Mali,ML,Sikasso,ML03,Koutiala,ML0304,Karagouana Malle,ML030409,2017,4835,4725,9560,OCHA
Mali,ML,Sikasso,ML03,Koutiala,ML0304,Koningue,ML030412,2017,10778,10160,20938,OCHA
Mali,ML,Sikasso,ML03,Koutiala,ML0304,Logouana,ML030417,2017,5628,5286,10914,OCHA
Mali,ML,Sikasso,ML03,Koutiala,ML0304,Nafanga,ML030420,2017,5851,5573,11424,OCHA
Mali,ML,Sikasso,ML03,Koutiala,ML0304,Nampe,ML030421,2017,3177,3092,6269,OCHA
Mali,ML,Sikasso,ML03,Koutiala,ML0304,N'goutjina,ML030423,2017,12802,12629,25431,OCHA
Mali,ML,Sikasso,ML03,Koutiala,ML0304,Sincina,ML030426,2017,12569,12174,24743,OCHA
Mali,ML,Sikasso,ML03,Koutiala,ML0304,Songo Doubacoro,ML030428,2017,9763,9412,19175,OCHA
Mali,ML,Sikasso,ML03,Koutiala,ML0304,Sorobasso,ML030430,2017,3788,3637,7425,OCHA
Mali,ML,Sikasso,ML03,Koutiala,ML0304,Tao,ML030431,2017,4083,3642,7725,OCHA
Mali,ML,Sikasso,ML03,Koutiala,ML0304,Zanina,ML030435,2017,4944,4701,9645,OCHA
Mali,ML,Sikasso,ML03,Kolondieba,ML0303,Bougoula,ML030301,2017,4192,3967,8159,OCHA
Mali,ML,Sikasso,ML03,Sikasso,ML0305,Zanferebougou,ML030541,2017,3138,2906,6044,OCHA
Mali,ML,Sikasso,ML03,Sikasso,ML0305,Tiankadi,ML030539,2017,3219,2897,6116,OCHA
Mali,ML,Sikasso,ML03,Sikasso,ML0305,Sokourani Missirikoro,ML030537,2017,2260,2120,4380,OCHA
Mali,ML,Sikasso,ML03,Sikasso,ML0305,Sanzana,ML030535,2017,7561,7118,14679,OCHA
Mali,ML,Sikasso,ML03,Sikasso,ML0305,Pimperna,ML030534,2017,6269,5822,12091,OCHA
Mali,ML,Sikasso,ML03,Sikasso,ML0305,Dialakoro,ML030505,2017,3692,3422,7114,OCHA
Mali,ML,Sikasso,ML03,Yanfolila,ML0306,Yallankoro-Soloba,ML030612,2017,7621,7028,14649,OCHA
Mali,ML,Sikasso,ML03,Yorosso,ML0307,Menamba 1,ML030707,2017,6872,6796,13668,OCHA
Mali,ML,Segou,ML04,Baroueli,ML0401,Tesserla,ML040111,2017,3980,3967,7947,OCHA
Mali,ML,Segou,ML04,Niono,ML0404,Yeredon Saniona,ML040412,2017,11418,11070,22488,OCHA
Mali,ML,Segou,ML04,Niono,ML0404,Toridaga Ko,ML040411,2017,20027,18644,38671,OCHA
Mali,ML,Segou,ML04,San,ML0405,Diakourouna,ML040503,2017,7705,7493,15198,OCHA
Mali,ML,Segou,ML04,San,ML0405,Djeguena,ML040505,2017,2710,2537,5247,OCHA
Mali,ML,Segou,ML04,San,ML0405,Karaba,ML040508,2017,5724,5567,11291,OCHA
Mali,ML,Segou,ML04,San,ML0405,Niamana,ML040513,2017,6236,6214,12450,OCHA
Mali,ML,Segou,ML04,San,ML0405,N'torosso,ML040515,2017,6667,6583,13250,OCHA
Mali,ML,Segou,ML04,San,ML0405,Sourountouna,ML040520,2017,8092,7979,16071,OCHA
Mali,ML,Segou,ML04,San,ML0405,Tene,ML040522,2017,13572,13266,26838,OCHA
Mali,ML,Segou,ML04,San,ML0405,Waki,ML040525,2017,5787,5754,11541,OCHA
Mali,ML,Segou,ML04,San,ML0405,Kassorola,ML040509,2017,10663,10567,21230,OCHA
Mali,ML,Segou,ML04,San,ML0405,Kaniegue,ML040507,2017,4592,4657,9249,OCHA
Mali,ML,Segou,ML04,San,ML0405,Dieli,ML040504,2017,9316,8851,18167,OCHA
Mali,ML,Segou,ML04,Bla,ML0402,Koulandougou,ML040211,2017,3094,3024,6118,OCHA
Mali,ML,Segou,ML04,Bla,ML0402,Samabogo,ML040213,2017,8928,8234,17162,OCHA
Mali,ML,Segou,ML04,Bla,ML0402,Tiemena,ML040215,2017,7552,6958,14510,OCHA
Mali,ML,Segou,ML04,Segou,ML0406,Sakoiba,ML040621,2017,11963,11794,23757,OCHA
Mali,ML,Segou,ML04,Segou,ML0406,Pelengana,ML040620,2017,36444,36112,72556,OCHA
Mali,ML,Segou,ML04,Segou,ML0406,N'gara,ML040618,2017,7812,7396,15208,OCHA
Mali,ML,Segou,ML04,Segou,ML0406,Markala,ML040616,2017,30335,29332,59667,OCHA
Mali,ML,Segou,ML04,Segou,ML0406,Farakou Massa,ML040611,2017,9899,9211,19110,OCHA
Mali,ML,Segou,ML04,Segou,ML0406,Dougabougou,ML040609,2017,18074,18239,36313,OCHA
Mali,ML,Segou,ML04,Segou,ML0406,Diouna,ML040608,2017,6034,5842,11876,OCHA
Mali,ML,Segou,ML04,Segou,ML0406,Dioro,ML040607,2017,31058,29511,60569,OCHA
Mali,ML,Segou,ML04,Segou,ML0406,Diedougou,ML040605,2017,10771,10702,21473,OCHA
Mali,ML,Segou,ML04,Macina,ML0403,Tongue,ML040311,2017,4820,4601,9421,OCHA
Mali,ML,Segou,ML04,Macina,ML0403,Matomo,ML040306,2017,9916,9606,19522,OCHA
Mali,ML,Segou,ML04,Tominian,ML0407,Benena,ML040701,2017,11553,11743,23296,OCHA
Mali,ML,Segou,ML04,Tominian,ML0407,Fangasso,ML040703,2017,15517,15422,30939,OCHA
Mali,ML,Segou,ML04,Tominian,ML0407,Koula,ML040704,2017,11931,11569,23500,OCHA
Mali,ML,Segou,ML04,Tominian,ML0407,Mafoune,ML040706,2017,15178,15070,30248,OCHA
Mali,ML,Segou,ML04,Tominian,ML0407,Ouan,ML040708,2017,5975,5858,11833,OCHA
Mali,ML,Segou,ML04,Tominian,ML0407,Mandiakuy,ML040707,2017,13354,14041,27395,OCHA
Mali,ML,Segou,ML04,Tominian,ML0407,Lanfiala,ML040705,2017,6229,6036,12265,OCHA
Mali,ML,Sikasso,ML03,Bougouni,ML0301,Ouroun,ML030117,2017,3635,3568,7203,OCHA
Mali,ML,Sikasso,ML03,Kadiolo,ML0302,Diou,ML030201,2017,2286,2265,4551,OCHA
Mali,ML,Sikasso,ML03,Kadiolo,ML0302,Kai,ML030205,2017,5646,4987,10633,OCHA
Mali,ML,Sikasso,ML03,Bougouni,ML0301,Garalo,ML030110,2017,22122,20438,42560,OCHA
Mali,ML,Sikasso,ML03,Bougouni,ML0301,Domba,ML030107,2017,9145,8844,17989,OCHA
Mali,ML,Sikasso,ML03,Yanfolila,ML0306,Sankarani,ML030608,2017,5070,4755,9825,OCHA
Mali,ML,Koulikouro,ML02,Kangaba,ML0203,Kaniogo,ML020303,2017,11013,10794,21807,OCHA
Mali,ML,Koulikouro,ML02,Kangaba,ML0203,Maramandougou,ML020305,2017,9487,9402,18889,OCHA
Mali,ML,Koulikouro,ML02,Kangaba,ML0203,Minidian,ML020306,2017,11840,11709,23549,OCHA
Mali,ML,Koulikouro,ML02,Dioila,ML0202,Diedougou,ML020206,2017,23843,22790,46633,OCHA
Mali,ML,Sikasso,ML03,Kadiolo,ML0302,Nimbougou,ML030208,2017,5745,5198,10943,OCHA
Mali,ML,Sikasso,ML03,Kadiolo,ML0302,Zegoua,ML030209,2017,21615,21410,43025,OCHA
Mali,ML,Sikasso,ML03,Koutiala,ML0304,Gouadie Sougouna,ML030405,2017,7228,6690,13918,OCHA
Mali,ML,Sikasso,ML03,Koutiala,ML0304,Kafo Faboli,ML030407,2017,9599,8856,18455,OCHA
Mali,ML,Sikasso,ML03,Koutiala,ML0304,Kapala,ML030408,2017,5461,5312,10773,OCHA
Mali,ML,Sikasso,ML03,Koutiala,ML0304,Kolonigue,ML030410,2017,15318,14510,29828,OCHA
Mali,ML,Sikasso,ML03,Koutiala,ML0304,Kouniana,ML030415,2017,3089,2945,6034,OCHA
Mali,ML,Sikasso,ML03,Koutiala,ML0304,Miena,ML030418,2017,8857,8075,16932,OCHA
Mali,ML,Sikasso,ML03,Koutiala,ML0304,M'pessoba,ML030419,2017,23859,22042,45901,OCHA
Mali,ML,Sikasso,ML03,Koutiala,ML0304,N'tossoni,ML030425,2017,4561,4197,8758,OCHA
Mali,ML,Sikasso,ML03,Koutiala,ML0304,Songoua,ML030429,2017,4117,3936,8053,OCHA
Mali,ML,Sikasso,ML03,Koutiala,ML0304,Yognogo,ML030432,2017,3080,3114,6194,OCHA
Mali,ML,Sikasso,ML03,Koutiala,ML0304,Zanfigue,ML030433,2017,10064,9733,19797,OCHA
Mali,ML,Sikasso,ML03,Kolondieba,ML0303,Fakola,ML030302,2017,18818,18130,36948,OCHA
Mali,ML,Sikasso,ML03,Koutiala,ML0304,Konina,ML030411,2017,9207,8794,18001,OCHA
Mali,ML,Sikasso,ML03,Koutiala,ML0304,Diedougou,ML030401,2017,3662,3505,7167,OCHA
Mali,ML,Sikasso,ML03,Koutiala,ML0304,Zebala,ML030436,2017,11688,10774,22462,OCHA
Mali,ML,Sikasso,ML03,Kolondieba,ML0303,Kebila,ML030305,2017,22643,20346,42989,OCHA
Mali,ML,Sikasso,ML03,Kolondieba,ML0303,Mena,ML030308,2017,4166,3832,7998,OCHA
Mali,ML,Sikasso,ML03,Sikasso,ML0305,Natien,ML030530,2017,4721,4265,8986,OCHA
Mali,ML,Sikasso,ML03,Sikasso,ML0305,N'tjikouna,ML030533,2017,2486,2494,4980,OCHA
Mali,ML,Sikasso,ML03,Sikasso,ML0305,Missirikoro,ML030529,2017,2934,2788,5722,OCHA
Mali,ML,Sikasso,ML03,Sikasso,ML0305,Miria,ML030528,2017,6937,6039,12976,OCHA
Mali,ML,Sikasso,ML03,Sikasso,ML0305,Kourouma,ML030525,2017,9877,9273,19150,OCHA
Mali,ML,Sikasso,ML03,Sikasso,ML0305,Kolokoba,ML030522,2017,5398,4609,10007,OCHA
Mali,ML,Sikasso,ML03,Sikasso,ML0305,Kofan,ML030521,2017,7246,6132,13378,OCHA
Mali,ML,Sikasso,ML03,Sikasso,ML0305,Klela,ML030520,2017,16462,15848,32310,OCHA
Mali,ML,Kayes,ML01,Kita,ML0105,Dindanko,ML010506,2017,6521,6400,12921,OCHA
Mali,ML,Kayes,ML01,Kita,ML0105,Madina,ML010521,2017,9287,8932,18219,OCHA
Mali,ML,Koulikouro,ML02,Kati,ML0204,Faraba,ML020414,2017,8020,8034,16054,OCHA
Mali,ML,Koulikouro,ML02,Kati,ML0204,Tiakadougou Dialakoro,ML020435,2017,5039,4961,10000,OCHA
Mali,ML,Sikasso,ML03,Yanfolila,ML0306,Baya,ML030601,2017,15995,15787,31782,OCHA
Mali,ML,Koulikouro,ML02,Kangaba,ML0203,Selefougou,ML020309,2017,3031,2993,6024,OCHA
Mali,ML,Koulikouro,ML02,Dioila,ML0202,N'dlondougou,ML020217,2017,13859,13416,27275,OCHA
Mali,ML,Sikasso,ML03,Sikasso,ML0305,Dogoni,ML030507,2017,9063,8382,17445,OCHA
Mali,ML,Sikasso,ML03,Sikasso,ML0305,Dembela,ML030504,2017,8274,7969,16243,OCHA
Mali,ML,Sikasso,ML03,Sikasso,ML0305,Kignan,ML030519,2017,17089,16641,33730,OCHA
Mali,ML,Sikasso,ML03,Sikasso,ML0305,Kapolondougou,ML030518,2017,9976,9081,19057,OCHA
Mali,ML,Sikasso,ML03,Sikasso,ML0305,Kapala,ML030517,2017,6814,6547,13361,OCHA
Mali,ML,Sikasso,ML03,Sikasso,ML0305,Gongasso,ML030513,2017,5964,5476,11440,OCHA
Mali,ML,Sikasso,ML03,Sikasso,ML0305,Farakala,ML030510,2017,5082,4775,9857,OCHA
Mali,ML,Sikasso,ML03,Sikasso,ML0305,Doumanaba,ML030508,2017,9480,8529,18009,OCHA
Mali,ML,Sikasso,ML03,Sikasso,ML0305,Blendio,ML030502,2017,8312,7609,15921,OCHA
Mali,ML,Sikasso,ML03,Sikasso,ML0305,Finkolo,ML030511,2017,9342,9078,18420,OCHA
Mali,ML,Sikasso,ML03,Yanfolila,ML0306,Bolo-Fouta,ML030602,2017,2941,2811,5752,OCHA
Mali,ML,Sikasso,ML03,Yanfolila,ML0306,Djallon-Foula,ML030603,2017,7276,7270,14546,OCHA
Mali,ML,Sikasso,ML03,Yorosso,ML0307,Boura,ML030701,2017,14498,14362,28860,OCHA
Mali,ML,Sikasso,ML03,Yorosso,ML0307,Karangana,ML030702,2017,11423,10685,22108,OCHA
Mali,ML,Sikasso,ML03,Yorosso,ML0307,Kiffosso 1,ML030703,2017,12916,12337,25253,OCHA
Mali,ML,Sikasso,ML03,Yorosso,ML0307,Koumbia,ML030704,2017,16642,16402,33044,OCHA
Mali,ML,Sikasso,ML03,Yorosso,ML0307,Koury,ML030705,2017,35660,34872,70532,OCHA
Mali,ML,Kayes,ML01,Kita,ML0105,Guemoukouraba,ML010511,2017,6902,6256,13158,OCHA
Mali,ML,Kayes,ML01,Diema,ML0102,Dianguirde,ML010203,2017,7958,7615,15573,OCHA
Mali,ML,Kayes,ML01,Diema,ML0102,Dioumara Koussata,ML010206,2017,10753,10397,21150,OCHA
Mali,ML,Koulikouro,ML02,Kolokani,ML0205,Sagabala,ML020508,2017,11811,11194,23005,OCHA
Mali,ML,Koulikouro,ML02,Kolokani,ML0205,Didieni,ML020501,2017,22021,20976,42997,OCHA
Mali,ML,Sikasso,ML03,Yanfolila,ML0306,Djiguiya De Koloni,ML030604,2017,4502,4414,8916,OCHA
Mali,ML,Sikasso,ML03,Yorosso,ML0307,Mahou,ML030706,2017,10466,10641,21107,OCHA
Mali,ML,Sikasso,ML03,Yorosso,ML0307,Ourikela,ML030708,2017,15820,15144,30964,OCHA
Mali,ML,Sikasso,ML03,Yorosso,ML0307,Yorosso,ML030709,2017,14901,14470,29371,OCHA
Mali,ML,Segou,ML04,Baroueli,ML0401,Konobougou,ML040106,2017,24512,23865,48377,OCHA
Mali,ML,Segou,ML04,Baroueli,ML0401,Kalake,ML040105,2017,11090,10358,21448,OCHA
Mali,ML,Segou,ML04,Baroueli,ML0401,Baraoueli,ML040101,2017,27819,27866,55685,OCHA
Mali,ML,Segou,ML04,Niono,ML0404,Pogo,ML040407,2017,10630,10579,21209,OCHA
Mali,ML,Segou,ML04,San,ML0405,Kava,ML040510,2017,12052,11795,23847,OCHA
Mali,ML,Sikasso,ML03,Bougouni,ML0301,Yiridougou,ML030125,2017,6499,5813,12312,OCHA
Mali,ML,Koulikouro,ML02,Kolokani,ML0205,Sebecoro 1,ML020509,2017,12632,12111,24743,OCHA
Mali,ML,Koulikouro,ML02,Kolokani,ML0205,Guihoyo,ML020502,2017,14285,13689,27974,OCHA
Mali,ML,Segou,ML04,Bla,ML0402,Beguene,ML040201,2017,7926,7534,15460,OCHA
Mali,ML,Segou,ML04,Bla,ML0402,Bla,ML040202,2017,30317,28763,59080,OCHA
Mali,ML,Segou,ML04,Bla,ML0402,Diaramana,ML040203,2017,13515,12537,26052,OCHA
Mali,ML,Segou,ML04,Bla,ML0402,Dougouolo,ML040205,2017,5821,5495,11316,OCHA
Mali,ML,Segou,ML04,Bla,ML0402,Kazangasso,ML040208,2017,4070,3726,7796,OCHA
Mali,ML,Segou,ML04,Bla,ML0402,Kemeni,ML040209,2017,8961,8476,17437,OCHA
Mali,ML,Segou,ML04,Bla,ML0402,Niala,ML040212,2017,6905,6427,13332,OCHA
Mali,ML,Segou,ML04,Bla,ML0402,Somasso,ML040214,2017,7275,6948,14223,OCHA
Mali,ML,Segou,ML04,Bla,ML0402,Yangasso,ML040217,2017,14245,13837,28082,OCHA
Mali,ML,Segou,ML04,Segou,ML0406,Togou,ML040630,2017,7426,6944,14370,OCHA
Mali,ML,Segou,ML04,Segou,ML0406,Soignebougou,ML040628,2017,2016,2009,4025,OCHA
Mali,ML,Segou,ML04,Segou,ML0406,Sibila,ML040627,2017,12847,11973,24820,OCHA
Mali,ML,Segou,ML04,Segou,ML0406,Sansanding,ML040624,2017,15250,15150,30400,OCHA
Mali,ML,Segou,ML04,Segou,ML0406,N'koumandougou,ML040619,2017,8870,8870,17740,OCHA
Mali,ML,Segou,ML04,Segou,ML0406,Massala,ML040617,2017,4787,4701,9488,OCHA
Mali,ML,Koulikouro,ML02,Kati,ML0204,Kourouba,ML020419,2017,3825,3748,7573,OCHA
Mali,ML,Koulikouro,ML02,Kati,ML0204,Bancoumana,ML020402,2017,15254,15378,30632,OCHA
Mali,ML,Koulikouro,ML02,Kati,ML0204,Niagadina,ML020425,2017,6997,6569,13566,OCHA
Mali,ML,Segou,ML04,Segou,ML0406,Kamiandougou,ML040613,2017,9899,9818,19717,OCHA
Mali,ML,Segou,ML04,Segou,ML0406,Boussin,ML040603,2017,7756,7189,14945,OCHA
Mali,ML,Segou,ML04,Segou,ML0406,Bellen,ML040602,2017,4418,4565,8983,OCHA
Mali,ML,Segou,ML04,Segou,ML0406,Baguindabougou,ML040601,2017,6803,6696,13499,OCHA
Mali,ML,Segou,ML04,Macina,ML0403,Souleye,ML040310,2017,6651,6167,12818,OCHA
Mali,ML,Segou,ML04,Macina,ML0403,Sana,ML040309,2017,15473,14852,30325,OCHA
Mali,ML,Segou,ML04,Macina,ML0403,Saloba,ML040308,2017,23192,22139,45331,OCHA
Mali,ML,Mopti,ML05,Djenne,ML0503,Ouro Ali,ML050310,2017,7166,6896,14062,OCHA
Mali,ML,Mopti,ML05,Djenne,ML0503,Dandougou Fakala,ML050301,2017,6133,6089,12222,OCHA
Mali,ML,Mopti,ML05,Douentza,ML0504,Petaka,ML050414,2017,3511,3702,7213,OCHA
Mali,ML,Mopti,ML05,Douentza,ML0504,Koubewel Koundia,ML050412,2017,8740,8379,17119,OCHA
Mali,ML,Mopti,ML05,Douentza,ML0504,Dallah,ML050401,2017,5210,5315,10525,OCHA
Mali,ML,Mopti,ML05,Mopti,ML0506,Kounari,ML050608,2017,10324,9793,20117,OCHA
Mali,ML,Mopti,ML05,Mopti,ML0506,Konna,ML050605,2017,24007,23781,47788,OCHA
Mali,ML,Mopti,ML05,Mopti,ML0506,Fatoma,ML050604,2017,10093,9274,19367,OCHA
Mali,ML,Mopti,ML05,Mopti,ML0506,Dialloube,ML050603,2017,20440,19760,40200,OCHA
Mali,ML,Mopti,ML05,Mopti,ML0506,Borondougou,ML050602,2017,5358,5124,10482,OCHA
Mali,ML,Mopti,ML05,Mopti,ML0506,Bassirou,ML050601,2017,1159,1071,2230,OCHA
Mali,ML,Sikasso,ML03,Bougouni,ML0301,Kola,ML030113,2017,2920,2910,5830,OCHA
Mali,ML,Koulikouro,ML02,Kati,ML0204,Sanankoroba,ML020431,2017,24222,24319,48541,OCHA
Mali,ML,Mopti,ML05,Koro,ML0505,Youdiou,ML050516,2017,10725,10678,21403,OCHA
Mali,ML,Mopti,ML05,Koro,ML0505,Pel Maoude,ML050514,2017,8974,8768,17742,OCHA
Mali,ML,Mopti,ML05,Koro,ML0505,Barapireli,ML050502,2017,8421,8373,16794,OCHA
Mali,ML,Mopti,ML05,Koro,ML0505,Bamba,ML050501,2017,9112,8297,17409,OCHA
Mali,ML,Mopti,ML05,Bankass,ML0502,Lessagou Habe,ML050207,2017,10055,10146,20201,OCHA
Mali,ML,Mopti,ML05,Bandiagara,ML0501,Wadouba,ML050121,2017,18805,17382,36187,OCHA
Mali,ML,Mopti,ML05,Bandiagara,ML0501,Pelou,ML050114,2017,2970,2675,5645,OCHA
Mali,ML,Mopti,ML05,Bandiagara,ML0501,Ondougou,ML050113,2017,3990,3357,7347,OCHA
Mali,ML,Mopti,ML05,Bandiagara,ML0501,Metoumou,ML050112,2017,9900,8305,18205,OCHA
Mali,ML,Mopti,ML05,Bandiagara,ML0501,Kende,ML050109,2017,2495,2344,4839,OCHA
Mali,ML,Mopti,ML05,Bandiagara,ML0501,Doucoumbo,ML050107,2017,14196,12867,27063,OCHA
Mali,ML,Mopti,ML05,Bandiagara,ML0501,Dandoli,ML050104,2017,6376,6066,12442,OCHA
Mali,ML,Mopti,ML05,Bandiagara,ML0501,Borko,ML050103,2017,4776,4356,9132,OCHA
Mali,ML,Mopti,ML05,Tenenkou,ML0507,Ouro Guire,ML050706,2017,5455,5120,10575,OCHA
Mali,ML,Mopti,ML05,Tenenkou,ML0507,Ouro Ardo,ML050705,2017,6954,6478,13432,OCHA
Mali,ML,Mopti,ML05,Tenenkou,ML0507,Diafarabe,ML050701,2017,9721,9642,19363,OCHA
Mali,ML,Koulikouro,ML02,Kati,ML0204,Kalabancoro,ML020415,2017,105065,105265,210330,OCHA
Mali,ML,Koulikouro,ML02,Kati,ML0204,Dogodouman,ML020411,2017,7633,7677,15310,OCHA
Mali,ML,Bamako,ML09,Bamako,ML0901,Commune IV,ML090104,2017,197960,197675,395635,OCHA
Mali,ML,Tombouctou,ML06,Tombouctou,ML0605,Salam,ML060505,2017,12680,15212,27892,OCHA
Mali,ML,Tombouctou,ML06,Dire,ML0601,Arham,ML060101,2017,1898,1764,3662,OCHA
Mali,ML,Tombouctou,ML06,Dire,ML0601,Bourem Sidi Amar,ML060103,2017,5834,5284,11118,OCHA
Mali,ML,Tombouctou,ML06,Dire,ML0601,Garbakoira,ML060106,2017,3497,3846,7343,OCHA
Mali,ML,Tombouctou,ML06,Dire,ML0601,Tinguereguif,ML060113,2017,1879,1891,3770,OCHA
Mali,ML,Tombouctou,ML06,Goundam,ML0602,Adarmalane,ML060201,2017,639,601,1240,OCHA
Mali,ML,Tombouctou,ML06,Goundam,ML0602,Doukouria,ML060205,2017,1685,1907,3592,OCHA
Mali,ML,Tombouctou,ML06,Goundam,ML0602,Issa Bery,ML060209,2017,2777,2585,5362,OCHA
Mali,ML,Tombouctou,ML06,Goundam,ML0602,Tele,ML060213,2017,3856,3845,7701,OCHA
Mali,ML,Tombouctou,ML06,Goundam,ML0602,Tin Aicha,ML060215,2017,1915,1953,3868,OCHA
Mali,ML,Tombouctou,ML06,Goundam,ML0602,Goundam Commune,ML060208,2017,8267,8090,16357,OCHA
Mali,ML,Tombouctou,ML06,Gourma-Rharous,ML0603,Bambara Maoude,ML060301,2017,10618,10806,21424,OCHA
Mali,ML,Tombouctou,ML06,Gourma-Rharous,ML0603,Banikane,ML060302,2017,6407,5873,12280,OCHA
Mali,ML,Sikasso,ML03,Yanfolila,ML0306,Gouandiaka,ML030606,2017,17080,17019,34099,OCHA
Mali,ML,Bamako,ML09,Bamako,ML0901,Commune III,ML090103,2017,84283,82877,167160,OCHA
Mali,ML,Bamako,ML09,Bamako,ML0901,Commune II,ML090102,2017,104805,102232,207037,OCHA
Mali,ML,Bamako,ML09,Bamako,ML0901,Commune VI,ML090106,2017,301029,309148,610177,OCHA
Mali,ML,Tombouctou,ML06,Gourma-Rharous,ML0603,Rharous,ML060308,2017,17728,16435,34163,OCHA
Mali,ML,Tombouctou,ML06,Gourma-Rharous,ML0603,Serere,ML060309,2017,5702,5518,11220,OCHA
Mali,ML,Tombouctou,ML06,Gourma-Rharous,ML0603,Gossi,ML060303,2017,16100,15176,31276,OCHA
Mali,ML,Tombouctou,ML06,Tombouctou,ML0605,Tombouctou,ML060506,2017,34719,36279,70998,OCHA
Mali,ML,Gao,ML07,Ansongo,ML0701,Ansongo,ML070101,2017,19999,19119,39118,OCHA
Mali,ML,Gao,ML07,Bourem,ML0702,Bourem,ML070202,2017,18696,17037,35733,OCHA
Mali,ML,Gao,ML07,Menaka,ML0704,Menaka,ML070403,2017,14080,15376,29456,OCHA
Mali,ML,Gao,ML07,Menaka,ML0704,Anderamboukane,ML070401,2017,11176,12340,23516,OCHA
Mali,ML,Gao,ML07,Gao,ML0703,Anchawadi,ML070301,2017,12798,13928,26726,OCHA
Mali,ML,Gao,ML07,Gao,ML0703,Gao,ML070303,2017,55588,56671,112259,OCHA
Mali,ML,Kidal,ML08,Kidal,ML0802,Anefif,ML080201,2017,3085,3564,6649,OCHA
Mali,ML,Kidal,ML08,Kidal,ML0802,Kidal,ML080203,2017,15554,18182,33736,OCHA
Mali,ML,Kidal,ML08,Abeibara,ML0801,Abeibara,ML080101,2017,2777,3132,5909,OCHA
Mali,ML,Kidal,ML08,Tessalit,ML0803,Tessalit,ML080302,2017,3408,3844,7252,OCHA
Mali,ML,Kidal,ML08,Tin-Essako,ML0804,Tin Essako,ML080401,2017,1549,1821,3370,OCHA
Mali,ML,Koulikouro,ML02,Dioila,ML0202,Guegneka,ML020209,2017,31302,31116,62418,OCHA
Mali,ML,Gao,ML07,Ansongo,ML0701,Talataye,ML070105,2017,8612,9617,18229,OCHA
Mali,ML,Tombouctou,ML06,Tombouctou,ML0605,Lafia,ML060504,2017,5129,4947,10076,OCHA
Mali,ML,Tombouctou,ML06,Goundam,ML0602,Tonka,ML060216,2017,35841,33398,69239,OCHA
Mali,ML,Tombouctou,ML06,Dire,ML0601,Tindirma,ML060112,2017,4248,4169,8417,OCHA
Mali,ML,Tombouctou,ML06,Dire,ML0601,Binga,ML060102,2017,3399,3247,6646,OCHA
Mali,ML,Tombouctou,ML06,Niafunke,ML0604,Banikane Narhawa,ML060401,2017,13716,13931,27647,OCHA
Mali,ML,Sikasso,ML03,Kolondieba,ML0303,Tiongui,ML030311,2017,6201,5742,11943,OCHA
Mali,ML,Sikasso,ML03,Kadiolo,ML0302,Loulouni,ML030206,2017,27572,25805,53377,OCHA
Mali,ML,Sikasso,ML03,Kadiolo,ML0302,Fourou,ML030203,2017,25471,28500,53971,OCHA
Mali,ML,Koulikouro,ML02,Dioila,ML0202,Kaladougou,ML020211,2017,25650,25243,50893,OCHA
Mali,ML,Mopti,ML05,Bandiagara,ML0501,Diamnati,ML050105,2017,8877,8201,17078,OCHA
Mali,ML,Tombouctou,ML06,Niafunke,ML0604,N'gorkou,ML060406,2017,15606,16091,31697,OCHA
Mali,ML,Mopti,ML05,Mopti,ML0506,Ouroube Doude,ML050611,2017,7851,8027,15878,OCHA
Mali,ML,Mopti,ML05,Youwarou,ML0508,Dirma,ML050803,2017,5290,5254,10544,OCHA
Mali,ML,Mopti,ML05,Youwarou,ML0508,Deboye,ML050802,2017,15087,14986,30073,OCHA
Mali,ML,Segou,ML04,Niono,ML0404,Nampalari,ML040405,2017,7188,7237,14425,OCHA
Mali,ML,Kayes,ML01,Kenieba,ML0104,Dialafara,ML010403,2017,11602,11731,23333,OCHA
Mali,ML,Kayes,ML01,Bafoulabe,ML0101,Gounfan,ML010106,2017,4462,4628,9090,OCHA
Mali,ML,Kayes,ML01,Kenieba,ML0104,Kassama,ML010408,2017,12938,12345,25283,OCHA
Mali,ML,Sikasso,ML03,Sikasso,ML0305,Finkolo Ganadougou,ML030512,2017,11300,11218,22518,OCHA
Mali,ML,Sikasso,ML03,Sikasso,ML0305,Lobougoula,ML030526,2017,21343,19215,40558,OCHA
Mali,ML,Sikasso,ML03,Kolondieba,ML0303,Nangalasso,ML030309,2017,7834,7345,15179,OCHA
Mali,ML,Segou,ML04,San,ML0405,Fion,ML040506,2017,4299,4150,8449,OCHA
Mali,ML,Mopti,ML05,Djenne,ML0503,Niansanari,ML050309,2017,3104,3056,6160,OCHA
Mali,ML,Mopti,ML05,Mopti,ML0506,Soye,ML050615,2017,13591,13977,27568,OCHA
Mali,ML,Mopti,ML05,Djenne,ML0503,Femaye,ML050305,2017,10825,10378,21203,OCHA
Mali,ML,Kayes,ML01,Bafoulabe,ML0101,Koundian,ML010108,2017,9252,8749,18001,OCHA
Mali,ML,Kayes,ML01,Bafoulabe,ML0101,Mahina,ML010109,2017,16792,16857,33649,OCHA
Mali,ML,Kayes,ML01,Kenieba,ML0104,Kenieba,ML010409,2017,23081,23233,46314,OCHA
Mali,ML,Sikasso,ML03,Sikasso,ML0305,Zaniena,ML030543,2017,4670,4577,9247,OCHA
Mali,ML,Sikasso,ML03,Sikasso,ML0305,Miniko,ML030527,2017,2098,2180,4278,OCHA
Mali,ML,Sikasso,ML03,Kolondieba,ML0303,Tousseguela,ML030312,2017,3676,3529,7205,OCHA
Mali,ML,Sikasso,ML03,Kolondieba,ML0303,Kolosso,ML030307,2017,4001,4053,8054,OCHA
Mali,ML,Kayes,ML01,Kenieba,ML0104,Falea,ML010405,2017,11424,11238,22662,OCHA
Mali,ML,Kayes,ML01,Kenieba,ML0104,Dabia,ML010402,2017,10191,9527,19718,OCHA
Mali,ML,Kayes,ML01,Kenieba,ML0104,Faraba,ML010406,2017,5103,4993,10096,OCHA
Mali,ML,Kayes,ML01,Kita,ML0105,Kobri,ML010516,2017,10045,9707,19752,OCHA
Mali,ML,Kayes,ML01,Bafoulabe,ML0101,Diokeli,ML010105,2017,8476,8537,17013,OCHA
Mali,ML,Kayes,ML01,Bafoulabe,ML0101,Bamafele,ML010102,2017,10436,10584,21020,OCHA
Mali,ML,Sikasso,ML03,Bougouni,ML0301,Koumantou,ML030114,2017,34274,32256,66530,OCHA
Mali,ML,Sikasso,ML03,Bougouni,ML0301,Debelin,ML030104,2017,5442,5316,10758,OCHA
Mali,ML,Sikasso,ML03,Kolondieba,ML0303,Kolondieba,ML030306,2017,35603,33747,69350,OCHA
Mali,ML,Segou,ML04,San,ML0405,San Commune,ML040517,2017,43428,43575,87003,OCHA
Mali,ML,Kayes,ML01,Kita,ML0105,Kokofata,ML010517,2017,14579,14111,28690,OCHA
Mali,ML,Kayes,ML01,Kita,ML0105,Koulou,ML010519,2017,7023,6659,13682,OCHA
Mali,ML,Kayes,ML01,Kenieba,ML0104,Kouroukoto,ML010410,2017,6821,6585,13406,OCHA
Mali,ML,Kayes,ML01,Kita,ML0105,Djidian,ML010507,2017,11054,10241,21295,OCHA
Mali,ML,Kayes,ML01,Kita,ML0105,Sebekoro,ML010526,2017,21487,21143,42630,OCHA
Mali,ML,Sikasso,ML03,Bougouni,ML0301,Wola,ML030123,2017,7482,7305,14787,OCHA
Mali,ML,Koulikouro,ML02,Dioila,ML0202,Massigui,ML020215,2017,36383,34104,70487,OCHA
Mali,ML,Sikasso,ML03,Sikasso,ML0305,Wateni,ML030540,2017,4040,4023,8063,OCHA
Mali,ML,Kayes,ML01,Kita,ML0105,Gadougou 2,ML010510,2017,6190,5853,12043,OCHA
Mali,ML,Kayes,ML01,Kita,ML0105,Benkadi Founia,ML010503,2017,6050,6011,12061,OCHA
Mali,ML,Kayes,ML01,Kita,ML0105,Senko,ML010529,2017,5412,5345,10757,OCHA
Mali,ML,Kayes,ML01,Kita,ML0105,Sirakoro,ML010530,2017,7053,6715,13768,OCHA
Mali,ML,Kayes,ML01,Kita,ML0105,Tambaga,ML010532,2017,6689,6928,13617,OCHA
Mali,ML,Kayes,ML01,Bafoulabe,ML0101,Oualia,ML010111,2017,13659,13216,26875,OCHA
Mali,ML,Kayes,ML01,Kita,ML0105,Toukoto,ML010533,2017,4628,4415,9043,OCHA
Mali,ML,Kayes,ML01,Kita,ML0105,Sefeto Ouest,ML010528,2017,11885,10793,22678,OCHA
Mali,ML,Kayes,ML01,Kita,ML0105,Kourounikoto,ML010520,2017,3515,3636,7151,OCHA
Mali,ML,Kayes,ML01,Kita,ML0105,Saboula,ML010525,2017,4096,3937,8033,OCHA
Mali,ML,Kayes,ML01,Kita,ML0105,Namala Guimba,ML010523,2017,7800,7677,15477,OCHA
Mali,ML,Bamako,ML09,Bamako,ML0901,Commune I,ML090101,2017,216422,218656,435078,OCHA
Mali,ML,Gao,ML07,Bourem,ML0702,Tarkint,ML070204,2017,11515,13313,24828,OCHA
Mali,ML,Gao,ML07,Bourem,ML0702,Temera,ML070205,2017,13763,12907,26670,OCHA
Mali,ML,Gao,ML07,Menaka,ML0704,Inekar,ML070402,2017,3269,3777,7046,OCHA
Mali,ML,Gao,ML07,Ansongo,ML0701,Tessit,ML070106,2017,8611,9284,17895,OCHA
Mali,ML,Gao,ML07,Gao,ML0703,N'tillit,ML070305,2017,14155,14814,28969,OCHA
Mali,ML,Gao,ML07,Ansongo,ML0701,Bourra,ML070103,2017,12127,12216,24343,OCHA
Mali,ML,Gao,ML07,Ansongo,ML0701,Tin Hama,ML070107,2017,6298,6691,12989,OCHA
Mali,ML,Gao,ML07,Menaka,ML0704,Tidermene,ML070404,2017,3213,3845,7058,OCHA
Mali,ML,Gao,ML07,Ansongo,ML0701,Bara,ML070102,2017,10176,9443,19619,OCHA
Mali,ML,Gao,ML07,Gao,ML0703,Sony Aliber,ML070306,2017,31390,30513,61903,OCHA
Mali,ML,Gao,ML07,Gao,ML0703,Gabero,ML070302,2017,17474,15832,33306,OCHA
Mali,ML,Gao,ML07,Gao,ML0703,Tilemsi,ML070307,2017,6009,6795,12804,OCHA
Mali,ML,Gao,ML07,Gao,ML0703,Gounzoureye,ML070304,2017,17945,17478,35423,OCHA
Mali,ML,Kidal,ML08,Kidal,ML0802,Essouk,ML080202,2017,1414,1674,3088,OCHA
Mali,ML,Sikasso,ML03,Bougouni,ML0301,Sanso,ML030118,2017,12864,12903,25767,OCHA
Mali,ML,Kayes,ML01,Kita,ML0105,Bendougouba,ML010502,2017,7850,7641,15491,OCHA
Mali,ML,Kayes,ML01,Kita,ML0105,Boudofo,ML010504,2017,2876,2939,5815,OCHA
Mali,ML,Kayes,ML01,Kita,ML0105,Kita Ouest,ML010515,2017,11124,10651,21775,OCHA
Mali,ML,Sikasso,ML03,Koutiala,ML0304,Koutiala Commune,ML030416,2017,91643,92119,183762,OCHA
Mali,ML,Mopti,ML05,Tenenkou,ML0507,Kareri,ML050704,2017,17994,18120,36114,OCHA
Mali,ML,Segou,ML04,Niono,ML0404,Sokolo,ML040410,2017,16276,16267,32543,OCHA
Mali,ML,Segou,ML04,Niono,ML0404,Diabaly,ML040401,2017,22219,22374,44593,OCHA
Mali,ML,Koulikouro,ML02,Koulikoro,ML0206,Doumba,ML020602,2017,4895,4800,9695,OCHA
Mali,ML,Koulikouro,ML02,Kati,ML0204,Yelekebougou,ML020437,2017,8512,8091,16603,OCHA
Mali,ML,Sikasso,ML03,Kolondieba,ML0303,Farako,ML030303,2017,9627,9565,19192,OCHA
Mali,ML,Koulikouro,ML02,Dioila,ML0202,N'garadougou,ML020218,2017,10342,9917,20259,OCHA
Mali,ML,Koulikouro,ML02,Kati,ML0204,Baguineda Camp,ML020401,2017,33021,34308,67329,OCHA
Mali,ML,Koulikouro,ML02,Koulikoro,ML0206,Tienfala,ML020608,2017,4513,4565,9078,OCHA
Mali,ML,Segou,ML04,Baroueli,ML0401,Gouendo,ML040104,2017,6984,6771,13755,OCHA
Mali,ML,Segou,ML04,Bla,ML0402,Falo,ML040206,2017,27063,26390,53453,OCHA
Mali,ML,Segou,ML04,Baroueli,ML0401,Sanando,ML040108,2017,21570,20839,42409,OCHA
Mali,ML,Segou,ML04,Baroueli,ML0401,N'gassola,ML040107,2017,3678,3675,7353,OCHA
Mali,ML,Segou,ML04,Bla,ML0402,Diena,ML040204,2017,6186,6158,12344,OCHA
Mali,ML,Segou,ML04,Niono,ML0404,Mariko,ML040404,2017,14964,15324,30288,OCHA
Mali,ML,Segou,ML04,Niono,ML0404,Niono,ML040406,2017,53493,52577,106070,OCHA
Mali,ML,Mopti,ML05,Djenne,ML0503,Kewa,ML050306,2017,14536,14073,28609,OCHA
Mali,ML,Sikasso,ML03,Koutiala,ML0304,Niantaga,ML030424,2017,4188,3870,8058,OCHA
Mali,ML,Sikasso,ML03,Koutiala,ML0304,Koromo,ML030414,2017,6227,5942,12169,OCHA
Mali,ML,Segou,ML04,San,ML0405,Moribila,ML040511,2017,7662,7335,14997,OCHA
Mali,ML,Sikasso,ML03,Sikasso,ML0305,Danderesso,ML030503,2017,23905,23328,47233,OCHA
Mali,ML,Sikasso,ML03,Sikasso,ML0305,Fama,ML030509,2017,7131,6853,13984,OCHA
Mali,ML,Sikasso,ML03,Sikasso,ML0305,Kafouziela,ML030516,2017,4292,4037,8329,OCHA
Mali,ML,Sikasso,ML03,Sikasso,ML0305,Sikasso Commune,ML030536,2017,146090,148330,294420,OCHA
Mali,ML,Sikasso,ML03,Sikasso,ML0305,Kaboila,ML030515,2017,18316,17149,35465,OCHA
Mali,ML,Koulikouro,ML02,Koulikoro,ML0206,Sirakorola,ML020607,2017,23327,23436,46763,OCHA
Mali,ML,Kayes,ML01,Kayes,ML0103,Sony,ML010327,2017,5674,5636,11310,OCHA
Mali,ML,Sikasso,ML03,Kolondieba,ML0303,Kadiana,ML030304,2017,13190,12591,25781,OCHA
Mali,ML,Koulikouro,ML02,Kati,ML0204,Dialakoroba,ML020407,2017,14684,14984,29668,OCHA
Mali,ML,Segou,ML04,Bla,ML0402,Touna,ML040216,2017,20249,19245,39494,OCHA
Mali,ML,Segou,ML04,Segou,ML0406,Katiena,ML040614,2017,22255,22063,44318,OCHA
Mali,ML,Segou,ML04,Bla,ML0402,Korodougou,ML040210,2017,7651,7076,14727,OCHA
Mali,ML,Segou,ML04,Bla,ML0402,Fani,ML040207,2017,9239,8716,17955,OCHA
Mali,ML,Segou,ML04,Segou,ML0406,Fatine,ML040612,2017,16606,16060,32666,OCHA
Mali,ML,Sikasso,ML03,Bougouni,ML0301,Sibirila,ML030119,2017,20433,19629,40062,OCHA
Mali,ML,Sikasso,ML03,Kadiolo,ML0302,Kadiolo,ML030204,2017,34587,32991,67578,OCHA
Mali,ML,Sikasso,ML03,Kadiolo,ML0302,Misseni,ML030207,2017,24983,36952,61935,OCHA
Mali,ML,Kayes,ML01,Kayes,ML0103,Kemene Tambo,ML010313,2017,11138,10888,22026,OCHA
Mali,ML,Bamako,ML09,Bamako,ML0901,Commune V,ML090105,2017,268303,268605,536908,OCHA
Mali,ML,Tombouctou,ML06,Goundam,ML0602,Alzounoub,ML060202,2017,2700,3117,5817,OCHA
Mali,ML,Tombouctou,ML06,Gourma-Rharous,ML0603,Hamzakoma,ML060304,2017,5990,5815,11805,OCHA
Mali,ML,Tombouctou,ML06,Gourma-Rharous,ML0603,Inadiatafane,ML060306,2017,2217,2405,4622,OCHA
Mali,ML,Tombouctou,ML06,Gourma-Rharous,ML0603,Ouinerden,ML060307,2017,3924,4004,7928,OCHA
Mali,ML,Gao,ML07,Ansongo,ML0701,Ouattagouna,ML070104,2017,19643,19699,39342,OCHA
Mali,ML,Gao,ML07,Bourem,ML0702,Bamba,ML070201,2017,19684,17516,37200,OCHA
Mali,ML,Gao,ML07,Bourem,ML0702,Taboye,ML070203,2017,14024,12808,26832,OCHA
Mali,ML,Kidal,ML08,Abeibara,ML0801,Boghassa,ML080102,2017,2095,2292,4387,OCHA
Mali,ML,Kidal,ML08,Abeibara,ML0801,Tinzawatene,ML080103,2017,1373,1704,3077,OCHA
Mali,ML,Kidal,ML08,Tessalit,ML0803,Adjelhoc,ML080301,2017,4889,5376,10265,OCHA
Mali,ML,Kidal,ML08,Tessalit,ML0803,Timtaghene,ML080303,2017,1484,1722,3206,OCHA
Mali,ML,Koulikouro,ML02,Dioila,ML0202,Tenindougou,ML020221,2017,9501,9445,18946,OCHA
Mali,ML,Tombouctou,ML06,Gourma-Rharous,ML0603,Haribomo,ML060305,2017,4750,4829,9579,OCHA
Mali,ML,Tombouctou,ML06,Dire,ML0601,Tienkour,ML060111,2017,4261,4221,8482,OCHA
Mali,ML,Mopti,ML05,Mopti,ML0506,Korombana,ML050606,2017,19777,18856,38633,OCHA
Mali,ML,Segou,ML04,Niono,ML0404,Dogofry,ML040402,2017,22228,21961,44189,OCHA
Mali,ML,Koulikouro,ML02,Kati,ML0204,Kambila,ML020417,2017,10090,9873,19963,OCHA
Mali,ML,Koulikouro,ML02,Kati,ML0204,N'gabacoro,ML020423,2017,11705,12023,23728,OCHA
Mali,ML,Koulikouro,ML02,Koulikoro,ML0206,Meguetan,ML020605,2017,16246,16746,32992,OCHA
Mali,ML,Segou,ML04,Segou,ML0406,Samine,ML040623,2017,8112,7893,16005,OCHA
Mali,ML,Segou,ML04,Niono,ML0404,Sirifila Boundy,ML040409,2017,21722,21040,42762,OCHA
Mali,ML,Segou,ML04,Niono,ML0404,Kala Siguida,ML040403,2017,13980,13748,27728,OCHA
Mali,ML,Segou,ML04,Niono,ML0404,Siribala,ML040408,2017,24249,24816,49065,OCHA
Mali,ML,Mopti,ML05,Djenne,ML0503,Togue Mourari,ML050312,2017,6895,5989,12884,OCHA
Mali,ML,Mopti,ML05,Mopti,ML0506,Ouro Modi,ML050610,2017,2288,2034,4322,OCHA
Mali,ML,Mopti,ML05,Mopti,ML0506,Koubaye,ML050607,2017,4263,4272,8535,OCHA
Mali,ML,Mopti,ML05,Mopti,ML0506,Socoura,ML050614,2017,23615,24424,48039,OCHA
Mali,ML,Segou,ML04,San,ML0405,Tourakolomba,ML040524,2017,5122,5111,10233,OCHA
Mali,ML,Sikasso,ML03,Sikasso,ML0305,Diomatene,ML030506,2017,3006,2791,5797,OCHA
Mali,ML,Sikasso,ML03,Sikasso,ML0305,Zangaradougou,ML030542,2017,4838,4595,9433,OCHA
Mali,ML,Koulikouro,ML02,Koulikoro,ML0206,Koula,ML020603,2017,15313,15152,30465,OCHA
Mali,ML,Kayes,ML01,Kayes,ML0103,Guidimakan Keri Kaff,ML010309,2017,13295,12729,26024,OCHA
Mali,ML,Segou,ML04,Segou,ML0406,Cinzana,ML040604,2017,23514,23351,46865,OCHA
Mali,ML,Segou,ML04,San,ML0405,N'goa,ML040512,2017,6047,5881,11928,OCHA
Mali,ML,Segou,ML04,San,ML0405,Siadougou,ML040518,2017,11495,11557,23052,OCHA
Mali,ML,Sikasso,ML03,Kadiolo,ML0302,Dioumatene,ML030202,2017,5350,4865,10215,OCHA
Mali,ML,Kayes,ML01,Kayes,ML0103,Somankidy,ML010326,2017,4622,4361,8983,OCHA
Mali,ML,Kayes,ML01,Kayes,ML0103,Same Diomboma,ML010323,2017,8010,8113,16123,OCHA
Mali,ML,Kayes,ML01,Kayes,ML0103,Bangassi,ML010301,2017,7761,7954,15715,OCHA
Mali,ML,Kayes,ML01,Kayes,ML0103,Liberte Dembaya,ML010317,2017,8936,9726,18662,OCHA
Mali,ML,Segou,ML04,San,ML0405,Niasso,ML040514,2017,8769,8343,17112,OCHA
Mali,ML,Segou,ML04,San,ML0405,Sy,ML040521,2017,8035,8277,16312,OCHA
Mali,ML,Segou,ML04,San,ML0405,Ouolon,ML040516,2017,8652,8643,17295,OCHA
Mali,ML,Segou,ML04,San,ML0405,Teneni,ML040523,2017,4597,4496,9093,OCHA
Mali,ML,Segou,ML04,San,ML0405,Baramandougou,ML040501,2017,6027,5859,11886,OCHA
Mali,ML,Mopti,ML05,Mopti,ML0506,Sio,ML050613,2017,15859,15485,31344,OCHA
Mali,ML,Mopti,ML05,Djenne,ML0503,Fakala,ML050304,2017,22089,21704,43793,OCHA
Mali,ML,Segou,ML04,San,ML0405,Somo,ML040519,2017,2456,2407,4863,OCHA
Mali,ML,Segou,ML04,San,ML0405,Dah,ML040502,2017,8443,8361,16804,OCHA
Mali,ML,Segou,ML04,Tominian,ML0407,Yasso,ML040712,2017,8846,9121,17967,OCHA
Mali,ML,Segou,ML04,Tominian,ML0407,Sanekuy,ML040709,2017,9880,10561,20441,OCHA
Mali,ML,Segou,ML04,Tominian,ML0407,Diora,ML040702,2017,9916,10876,20792,OCHA
Mali,ML,Segou,ML04,Tominian,ML0407,Timissa,ML040710,2017,18349,17705,36054,OCHA
Mali,ML,Sikasso,ML03,Koutiala,ML0304,Konseguela,ML030413,2017,20184,18900,39084,OCHA
Mali,ML,Tombouctou,ML06,Goundam,ML0602,Gargando,ML060207,2017,5350,5724,11074,OCHA
Mali,ML,Sikasso,ML03,Sikasso,ML0305,Niena,ML030531,2017,24515,24044,48559,OCHA
Mali,ML,Koulikouro,ML02,Kati,ML0204,Safo,ML020429,2017,9404,9670,19074,OCHA
Mali,ML,Sikasso,ML03,Bougouni,ML0301,Meridiela,ML030116,2017,9146,8857,18003,OCHA
Mali,ML,Sikasso,ML03,Bougouni,ML0301,Dogo,ML030106,2017,22586,21786,44372,OCHA
Mali,ML,Gao,ML07,Menaka,ML0704,Alata,ML070405,2017,1636.7046239165566,2076.1058652857355,3712.810489202292,OCHA
Mali,ML,Kidal,ML08,Tin-Essako,ML0804,Intadjedite,ML080402,2017,3163.1930939915228,3886.765395163301,7049.9584891548238,OCHA
