id,admin0_nom,admin1_nom,admin2_nom,Admin3_Nam,annee,homme,femme,source
1,Mali,Kayes,Kayes,Bangassi,2009,6123,5974,RGPH
2,Mali,Kayes,Kayes,Colimbine,2009,6144,6353,RGPH
3,Mali,Kayes,Kayes,Diamou,2009,7115,7015,RGPH
4,Mali,Kayes,Kayes,Djelebou,2009,11466,12091,RGPH
5,Mali,Kayes,Kayes,Faleme,2009,5141,5017,RGPH
6,Mali,Kayes,Kayes,Fegui,2009,1999,1934,RGPH
7,Mali,Kayes,Kayes,Gory Gopela,2009,3939,3927,RGPH
8,Mali,Kayes,Kayes,Goumera,2009,1918,1903,RGPH
9,Mali,Kayes,Kayes,Guidimakan Keri Kaff,2009,9798,10234,RGPH
10,Mali,Kayes,Kayes,Hawa Dembaya,2009,3406,3445,RGPH
11,Mali,Kayes,Kayes,Karakoro,2009,7436,7770,RGPH
12,Mali,Kayes,Kayes,Kayes Commune,2009,65135,61184,RGPH
13,Mali,Kayes,Kayes,Kemene Tambo,2009,8381,8574,RGPH
14,Mali,Kayes,Kayes,Khouloum,2009,9734,9260,RGPH
15,Mali,Kayes,Kayes,Koniakary,2009,4061,4080,RGPH
16,Mali,Kayes,Yelimane,Konsiga,2009,2308,2620,RGPH
17,Mali,Kayes,Kayes,Koussane,2009,10472,11118,RGPH
18,Mali,Kayes,Kayes,Liberte Dembaya,2009,7487,6879,RGPH
19,Mali,Kayes,Kayes,Logo,2009,6022,5967,RGPH
20,Mali,Kayes,Kayes,Marena Diombougou,2009,8996,9676,RGPH
21,Mali,Kayes,Kayes,Marintoumania,2009,4001,4060,RGPH
22,Mali,Kayes,Kayes,Sadiola,2009,20514,18895,RGPH
23,Mali,Kayes,Kayes,Sahel,2009,6038,6189,RGPH
24,Mali,Kayes,Kayes,Same Diomboma,2009,6245,6166,RGPH
25,Mali,Kayes,Kayes,Segala,2009,12882,12921,RGPH
26,Mali,Kayes,Kayes,Sero Diamanou,2009,11612,11727,RGPH
27,Mali,Kayes,Kayes,Somankidy,2009,3357,3558,RGPH
28,Mali,Kayes,Kayes,Sony,2009,4339,4368,RGPH
29,Mali,Kayes,Kayes,Tafacirga,2009,4634,4492,RGPH
30,Mali,Kayes,Bafoulabe,Bafoulabe,2009,9824,9942,RGPH
31,Mali,Kayes,Bafoulabe,Bamafele,2009,8147,8033,RGPH
32,Mali,Kayes,Bafoulabe,Diakon,2009,16056,17700,RGPH
33,Mali,Kayes,Bafoulabe,Diallan,2009,7285,7410,RGPH
34,Mali,Kayes,Bafoulabe,Diokeli,2009,6572,6525,RGPH
35,Mali,Kayes,Bafoulabe,Gounfan,2009,3563,3435,RGPH
36,Mali,Kayes,Bafoulabe,Kontela,2009,10374,11136,RGPH
37,Mali,Kayes,Bafoulabe,Koundian,2009,6735,7122,RGPH
38,Mali,Kayes,Bafoulabe,Mahina,2009,12976,12926,RGPH
39,Mali,Kayes,Bafoulabe,Niambia,2009,3715,3716,RGPH
40,Mali,Kayes,Bafoulabe,Oualia,2009,10173,10514,RGPH
41,Mali,Kayes,Bafoulabe,Sidibela,2009,3603,3954,RGPH
42,Mali,Kayes,Bafoulabe,Tomora,2009,15584,16627,RGPH
43,Mali,Kayes,Diema,Bema,2009,12326,13103,RGPH
44,Mali,Kayes,Diema,Diangounte Camara,2009,13541,14926,RGPH
45,Mali,Kayes,Diema,Dianguirde,2009,5862,6126,RGPH
46,Mali,Kayes,Diema,Diema,2009,15079,15391,RGPH
47,Mali,Kayes,Diema,Dieoura,2009,5508,6253,RGPH
48,Mali,Kayes,Diema,Dioumara Koussata,2009,3745,4118,RGPH
49,Mali,Kayes,Diema,Fassou Debe,2009,2663,2807,RGPH
50,Mali,Kayes,Diema,Fatao,2009,3848,4491,RGPH
51,Mali,Kayes,Diema,Gomitradougou,2009,3638,3658,RGPH
52,Mali,Kayes,Diema,Groumera,2009,5457,6062,RGPH
53,Mali,Kayes,Diema,Guedebine,2009,2550,2539,RGPH
54,Mali,Kayes,Diema,Lakamane,2009,7855,8109,RGPH
55,Mali,Kayes,Diema,Lambidou,2009,7030,7761,RGPH
56,Mali,Kayes,Diema,Madiga Sacko,2009,6695,7241,RGPH
57,Mali,Kayes,Diema,Sansankide,2009,2435,2538,RGPH
58,Mali,Kayes,Kenieba,Baye,2009,19413,19322,RGPH
59,Mali,Kayes,Kenieba,Dabia,2009,7334,7845,RGPH
60,Mali,Kayes,Kenieba,Dialafara,2009,9030,8931,RGPH
61,Mali,Kayes,Kenieba,Dombia,2009,3662,3920,RGPH
62,Mali,Kayes,Kenieba,Falea,2009,8651,8794,RGPH
63,Mali,Koulikouro,Kati,Faraba,2009,6184,6173,RGPH
64,Mali,Kayes,Kenieba,Faraba,2009,3844,3928,RGPH
65,Mali,Kayes,Kenieba,Guenegore,2009,3248,3339,RGPH
66,Mali,Kayes,Kenieba,Kassama,2009,9503,9959,RGPH
67,Mali,Kayes,Kenieba,Kenieba,2009,17884,17767,RGPH
68,Mali,Kayes,Kenieba,Kouroukoto,2009,5069,5251,RGPH
69,Mali,Kayes,Kenieba,Sagalo,2009,6728,7560,RGPH
70,Mali,Kayes,Kenieba,Sitakily,2009,16144,14010,RGPH
71,Mali,Kayes,Kita,Badia,2009,3487,3650,RGPH
72,Mali,Kayes,Kita,Bendougouba,2009,5882,6043,RGPH
73,Mali,Kayes,Kita,Benkadi Founia,2009,4627,4657,RGPH
74,Mali,Kayes,Kita,Boudofo,2009,2263,2214,RGPH
75,Mali,Kayes,Kita,Bougarybaya,2009,4831,5254,RGPH
76,Mali,Kayes,Kita,Dindanko,2009,4927,5020,RGPH
77,Mali,Kayes,Kita,Djidian,2009,7883,8509,RGPH
78,Mali,Kayes,Kita,Djougoun,2009,4012,4420,RGPH
79,Mali,Kayes,Kita,Gadougou 1,2009,12510,12865,RGPH
80,Mali,Kayes,Kita,Gadougou 2,2009,4506,4765,RGPH
81,Mali,Kayes,Kita,Guemoukouraba,2009,4816,5313,RGPH
82,Mali,Kayes,Kita,Kassaro,2009,10673,10933,RGPH
83,Mali,Kayes,Kita,Kita Commune,2009,24054,24989,RGPH
84,Mali,Kayes,Kita,Kita Nord,2009,4.34E+03,4232,RGPH
85,Mali,Kayes,Kita,Kita Ouest,2009,8199,8563,RGPH
86,Mali,Kayes,Kita,Kobri,2009,7472,7732,RGPH
87,Mali,Kayes,Kita,Kokofata,2009,10862,11222,RGPH
88,Mali,Kayes,Kita,Kotouba,2009,2917,2901,RGPH
89,Mali,Kayes,Kita,Koulou,2009,5126,5406,RGPH
90,Mali,Kayes,Kita,Kourounikoto,2009,2799,2706,RGPH
91,Mali,Kayes,Kita,Madina,2009,6876,7149,RGPH
92,Mali,Kayes,Kita,Makano,2009,5485,5544,RGPH
93,Mali,Kayes,Kita,Namala Guimba,2009,5910,6004,RGPH
94,Mali,Kayes,Kita,Niantanso,2009,2542,2588,RGPH
95,Mali,Kayes,Kita,Saboula,2009,3031,3153,RGPH
96,Mali,Kayes,Kita,Sebekoro,2009,16275,16540,RGPH
97,Mali,Kayes,Kita,Sefeto Nord,2009,5425,6133,RGPH
98,Mali,Kayes,Kita,Sefeto Ouest,2009,8308,9149,RGPH
99,Mali,Kayes,Kita,Senko,2009,4115,4166,RGPH
100,Mali,Kayes,Kita,Sirakoro,2009,5169,5429,RGPH
101,Mali,Kayes,Kita,Souransan Tomoto,2009,4163,4357,RGPH
102,Mali,Kayes,Kita,Tambaga,2009,5333,5149,RGPH
103,Mali,Kayes,Kita,Toukoto,2009,3399,3563,RGPH
104,Mali,Kayes,Nioro,Baniere Kore,2009,4519,4930,RGPH
105,Mali,Kayes,Nioro,Diabigue,2009,4492,4916,RGPH
106,Mali,Kayes,Nioro,Diarra,2009,3424,3713,RGPH
107,Mali,Kayes,Nioro,Diaye Coura,2009,6556,7161,RGPH
108,Mali,Kayes,Nioro,Gavinane,2009,7676,8003,RGPH
109,Mali,Kayes,Nioro,Gogui,2009,6186,6761,RGPH
110,Mali,Kayes,Nioro,Guetema,2009,4484,4848,RGPH
111,Mali,Kayes,Nioro,Kadiaba Kadiel,2009,4982,4944,RGPH
112,Mali,Kayes,Nioro,Korera Kore,2009,9453,9974,RGPH
113,Mali,Kayes,Nioro,Nioro Commune,2009,17258,16433,RGPH
114,Mali,Kayes,Nioro,Nioro Tougoune Ranga,2009,6410,6791,RGPH
115,Mali,Kayes,Nioro,Sandare,2009,12597,13019,RGPH
116,Mali,Kayes,Nioro,Simbi,2009,9786,10307,RGPH
117,Mali,Kayes,Nioro,Troungoumbe,2009,5981,6507,RGPH
118,Mali,Kayes,Nioro,Yerere,2009,6567,6920,RGPH
119,Mali,Kayes,Nioro,Youri,2009,3351,3765,RGPH
120,Mali,Kayes,Yelimane,Diafounou Diongaga,2009,4663,5015,RGPH
121,Mali,Kayes,Yelimane,Diafounou Gory,2009,9659,10591,RGPH
122,Mali,Kayes,Yelimane,Fanga,2009,3862,4071,RGPH
123,Mali,Kayes,Yelimane,Gory,2009,6131,6470,RGPH
124,Mali,Kayes,Yelimane,Guidime,2009,19403,20420,RGPH
125,Mali,Kayes,Yelimane,Kirane Kaniaga,2009,16863,18034,RGPH
126,Mali,Kayes,Yelimane,Kremis,2009,5473,5571,RGPH
127,Mali,Kayes,Yelimane,Marekaffo,2009,2501,2823,RGPH
128,Mali,Kayes,Yelimane,Soumpou,2009,2364,2489,RGPH
129,Mali,Kayes,Yelimane,Toya,2009,5953,6691,RGPH
130,Mali,Kayes,Yelimane,Tringa,2009,5966,6576,RGPH
131,Mali,Koulikouro,Koulikoro,Dinandougou,2009,10571,10789,RGPH
132,Mali,Koulikouro,Koulikoro,Doumba,2009,3695,3768,RGPH
133,Mali,Koulikouro,Koulikoro,Koula,2009,11662,11786,RGPH
134,Mali,Koulikouro,Koulikoro,Koulikoro Commune,2009,20943,20659,RGPH
135,Mali,Koulikouro,Koulikoro,Meguetan,2009,12889,12504,RGPH
136,Mali,Koulikouro,Koulikoro,Nyamina,2009,17904,17881,RGPH
137,Mali,Koulikouro,Koulikoro,Sirakorola,2009,18038,17954,RGPH
138,Mali,Koulikouro,Koulikoro,Tienfala,2009,3514,3474,RGPH
139,Mali,Koulikouro,Koulikoro,Tougouni,2009,6315,6265,RGPH
140,Mali,Koulikouro,Banamba,Banamba,2009,15851,16029,RGPH
141,Mali,Koulikouro,Banamba,Boron,2009,18898,19208,RGPH
142,Mali,Koulikouro,Banamba,Duguwolowula,2009,21658,21368,RGPH
143,Mali,Koulikouro,Banamba,Kiban,2009,6194,6195,RGPH
144,Mali,Koulikouro,Banamba,Madina Sacko,2009,12924,13219,RGPH
145,Mali,Koulikouro,Banamba,Sebete,2009,2015,2045,RGPH
146,Mali,Koulikouro,Banamba,Toubacoro,2009,7118,7256,RGPH
147,Mali,Koulikouro,Banamba,Toukoroba,2009,5892,6063,RGPH
148,Mali,Koulikouro,Dioila,Banco,2009,16039,16940,RGPH
149,Mali,Koulikouro,Dioila,Benkadi,2009,3811,4088,RGPH
150,Mali,Koulikouro,Dioila,Binko,2009,9849,10048,RGPH
151,Mali,Koulikouro,Dioila,Degnekoro,2009,4883,5199,RGPH
152,Mali,Koulikouro,Dioila,Diebe,2009,4129,4575,RGPH
153,Mali,Koulikouro,Dioila,Diedougou,2009,17541,18351,RGPH
154,Mali,Koulikouro,Dioila,Diouman,2009,8003,8277,RGPH
155,Mali,Koulikouro,Dioila,Dolendougou,2009,6831,7389,RGPH
156,Mali,Koulikouro,Dioila,Guegneka,2009,23949,24092,RGPH
157,Mali,Koulikouro,Dioila,Jekafo,2009,3241,3400,RGPH
158,Mali,Koulikouro,Dioila,Kaladougou,2009,19429,19742,RGPH
159,Mali,Koulikouro,Dioila,Kemekafo,2009,12253,12181,RGPH
160,Mali,Koulikouro,Dioila,Kerela,2009,6280,6346,RGPH
161,Mali,Koulikouro,Dioila,Kilidougou,2009,7578,7930,RGPH
162,Mali,Koulikouro,Dioila,Massigui,2009,26249,28003,RGPH
163,Mali,Koulikouro,Dioila,Nangola,2009,9169,9436,RGPH
164,Mali,Koulikouro,Dioila,N'dlondougou,2009,10326,10667,RGPH
165,Mali,Koulikouro,Dioila,N'garadougou,2009,7633,7960,RGPH
166,Mali,Koulikouro,Dioila,N'golobougou,2009,10272,10753,RGPH
167,Mali,Koulikouro,Dioila,Niantjila,2009,6837,7466,RGPH
168,Mali,Koulikouro,Dioila,Tenindougou,2009,7681,7725,RGPH
169,Mali,Koulikouro,Dioila,Wacoro,2009,7441,7559,RGPH
170,Mali,Koulikouro,Dioila,Zan Coulibaly,2009,9235,9255,RGPH
171,Mali,Koulikouro,Kangaba,Balan Bakama,2009,3404,3487,RGPH
172,Mali,Koulikouro,Kangaba,Benkadi,2009,4741,4694,RGPH
173,Mali,Koulikouro,Kangaba,Kaniogo,2009,8308,8477,RGPH
174,Mali,Koulikouro,Kangaba,Karan Commune,2009,3134,3242,RGPH
175,Mali,Koulikouro,Kangaba,Maramandougou,2009,7237,7302,RGPH
176,Mali,Koulikouro,Kangaba,Minidian,2009,9012,9113,RGPH
177,Mali,Koulikouro,Kangaba,Narena,2009,6133,6420,RGPH
178,Mali,Koulikouro,Kangaba,Nouga,2009,5429,5628,RGPH
179,Mali,Koulikouro,Kangaba,Selefougou,2009,2304,2333,RGPH
180,Mali,Koulikouro,Kati,Baguineda Camp,2009,26406,25415,RGPH
181,Mali,Koulikouro,Kati,Bancoumana,2009,11836,11741,RGPH
182,Mali,Koulikouro,Kati,Bossofala,2009,8437,8461,RGPH
183,Mali,Koulikouro,Kati,Bougoula,2009,5418,5363,RGPH
184,Mali,Koulikouro,Kati,Daban,2009,5582,5577,RGPH
185,Mali,Koulikouro,Kati,Diago,2009,4687,4725,RGPH
186,Mali,Koulikouro,Kati,Dialakoroba,2009,11533,11302,RGPH
187,Mali,Koulikouro,Kati,Dialakorodji,2009,23836,23650,RGPH
188,Mali,Koulikouro,Kati,Diedougou,2009,5140,5372,RGPH
189,Mali,Koulikouro,Kati,Dio Gare,2009,6219,6523,RGPH
190,Mali,Koulikouro,Kati,Dogodouman,2009,5909,5875,RGPH
191,Mali,Koulikouro,Kati,Dombila,2009,6561,6891,RGPH
192,Mali,Koulikouro,Kati,Doubabougou,2009,4869,4986,RGPH
193,Mali,Koulikouro,Kati,Kalabancoro,2009,81018,80864,RGPH
194,Mali,Koulikouro,Kati,Kalifabougou,2009,5587,6034,RGPH
195,Mali,Koulikouro,Kati,Kambila,2009,7599,7766,RGPH
196,Mali,Koulikouro,Kati,Kati Commune,2009,41982,42518,RGPH
197,Mali,Koulikouro,Kati,Kourouba,2009,2885,2944,RGPH
198,Mali,Koulikouro,Kati,Mande,2009,28734,28615,RGPH
199,Mali,Koulikouro,Kati,Moribabougou,2009,13457,13602,RGPH
200,Mali,Koulikouro,Kati,Mountougoula,2009,7996,8232,RGPH
201,Mali,Koulikouro,Kati,N'gabacoro,2009,9254,9009,RGPH
202,Mali,Koulikouro,Kati,N'gouraba,2009,8842,8853,RGPH
203,Mali,Koulikouro,Kati,Niagadina,2009,5056,5386,RGPH
204,Mali,Koulikouro,Kati,Nioumakana,2009,4075,4351,RGPH
205,Mali,Koulikouro,Kati,N'tjiba,2009,10653,11139,RGPH
206,Mali,Koulikouro,Kati,Ouelessebougou,2009,24694,25345,RGPH
207,Mali,Koulikouro,Kati,Safo,2009,7443,7238,RGPH
208,Mali,Koulikouro,Kati,Sanankoro Djitoumou,2009,6594,6733,RGPH
209,Mali,Koulikouro,Kati,Sanankoroba,2009,18718,18643,RGPH
210,Mali,Koulikouro,Kati,Sangarebougou,2009,24021,23171,RGPH
211,Mali,Koulikouro,Kati,Siby,2009,12140,12115,RGPH
212,Mali,Koulikouro,Kati,Sobra,2009,4817,4987,RGPH
213,Mali,Koulikouro,Kati,Tiakadougou Dialakoro,2009,3819,3879,RGPH
214,Mali,Koulikouro,Kati,Tiele,2009,9088,9406,RGPH
215,Mali,Koulikouro,Kati,Yelekebougou,2009,6228,6552,RGPH
216,Mali,Koulikouro,Banamba,Ben Kadi,2009,4554,4518,RGPH
217,Mali,Koulikouro,Kolokani,Didieni,2009,16145,16949,RGPH
218,Mali,Koulikouro,Kolokani,Guihoyo,2009,10536,10995,RGPH
219,Mali,Koulikouro,Kolokani,Kolokani,2009,21592,22628,RGPH
220,Mali,Koulikouro,Kolokani,Massantola,2009,17380,17983,RGPH
221,Mali,Koulikouro,Kolokani,Nonkon,2009,8834,9297,RGPH
222,Mali,Koulikouro,Kolokani,Nossombougou,2009,10105,10640,RGPH
223,Mali,Koulikouro,Kolokani,Ouolodo,2009,4923,5039,RGPH
224,Mali,Koulikouro,Kolokani,Sagabala,2009,8616,9091,RGPH
225,Mali,Koulikouro,Kolokani,Sebecoro 1,2009,9322,9723,RGPH
226,Mali,Koulikouro,Kolokani,Tioribougou,2009,6203,6499,RGPH
227,Mali,Koulikouro,Nara,Allahina,2009,5574,6018,RGPH
228,Mali,Koulikouro,Nara,Dabo,2009,5531,6093,RGPH
229,Mali,Koulikouro,Nara,Dilly,2009,19296,19153,RGPH
230,Mali,Koulikouro,Nara,Dogofry,2009,16892,17763,RGPH
231,Mali,Koulikouro,Nara,Fallou,2009,14841,15194,RGPH
232,Mali,Koulikouro,Nara,Gueneibe,2009,4421,4330,RGPH
233,Mali,Koulikouro,Nara,Guire,2009,10037,9838,RGPH
234,Mali,Koulikouro,Nara,Koronga,2009,5535,5476,RGPH
235,Mali,Koulikouro,Nara,Nara,2009,14581,15021,RGPH
236,Mali,Koulikouro,Nara,Niamana,2009,13830,14250,RGPH
237,Mali,Koulikouro,Nara,Ouagadou,2009,8902,9328,RGPH
238,Mali,Sikasso,Kadiolo,Diou,2009,1744,1760,RGPH
239,Mali,Sikasso,Kadiolo,Dioumatene,2009,4497,4645,RGPH
240,Mali,Sikasso,Kadiolo,Fourou,2009,21937,19606,RGPH
241,Mali,Sikasso,Kadiolo,Kadiolo,2009,25394,26622,RGPH
242,Mali,Sikasso,Kadiolo,Kai,2009,3839,4346,RGPH
243,Mali,Sikasso,Kadiolo,Loulouni,2009,19863,21223,RGPH
244,Mali,Sikasso,Kadiolo,Misseni,2009,28443,19230,RGPH
245,Mali,Sikasso,Kadiolo,Nimbougou,2009,4001,4422,RGPH
246,Mali,Sikasso,Kadiolo,Zegoua,2009,16480,16638,RGPH
247,Mali,Sikasso,Yorosso,Boura,2009,11055,11160,RGPH
248,Mali,Sikasso,Yorosso,Karangana,2009,8225,8793,RGPH
249,Mali,Sikasso,Yorosso,Kiffosso 1,2009,9496,9942,RGPH
250,Mali,Sikasso,Yorosso,Koumbia,2009,12625,12810,RGPH
251,Mali,Sikasso,Yorosso,Koury,2009,26842,27448,RGPH
252,Mali,Sikasso,Yorosso,Mahou,2009,8191,8056,RGPH
253,Mali,Sikasso,Yorosso,Menamba 1,2009,5231,5290,RGPH
254,Mali,Sikasso,Yorosso,Ourikela,2009,11657,12177,RGPH
255,Mali,Sikasso,Yorosso,Yorosso,2009,11138,11470,RGPH
256,Mali,Sikasso,Kolondieba,Bougoula,2009,3054,3227,RGPH
257,Mali,Sikasso,Kolondieba,Fakola,2009,13955,14485,RGPH
258,Mali,Sikasso,Kolondieba,Farako,2009,7363,7410,RGPH
259,Mali,Sikasso,Kolondieba,Kadiana,2009,9692,10153,RGPH
260,Mali,Sikasso,Kolondieba,Kebila,2009,15661,17429,RGPH
261,Mali,Sikasso,Kolondieba,Kolondieba,2009,25976,27404,RGPH
262,Mali,Sikasso,Kolondieba,Kolosso,2009,3120,3080,RGPH
263,Mali,Sikasso,Kolondieba,Mena,2009,2950,3207,RGPH
264,Mali,Sikasso,Kolondieba,Nangalasso,2009,3254,3618,RGPH
265,Mali,Sikasso,Kolondieba,N'golodiana,2009,5654,6030,RGPH
266,Mali,Sikasso,Kolondieba,Tiongui,2009,4420,4773,RGPH
267,Mali,Sikasso,Kolondieba,Tousseguela,2009,2717,2830,RGPH
268,Mali,Sikasso,Yanfolila,Baya,2009,12152,12312,RGPH
269,Mali,Sikasso,Yanfolila,Bolo-Fouta,2009,2164,2264,RGPH
270,Mali,Sikasso,Bougouni,Syen Toula,2009,4694,4761,RGPH
271,Mali,Sikasso,Yanfolila,Djallon-Foula,2009,5596,5601,RGPH
272,Mali,Sikasso,Yanfolila,Djiguiya De Koloni,2009,3398,3466,RGPH
273,Mali,Sikasso,Yanfolila,Gouanan,2009,6576,6852,RGPH
274,Mali,Sikasso,Yanfolila,Gouandiaka,2009,12297,12822,RGPH
275,Mali,Sikasso,Yanfolila,Koussan,2009,5118,5073,RGPH
276,Mali,Sikasso,Yanfolila,Sankarani,2009,3660,3903,RGPH
277,Mali,Sikasso,Yanfolila,Sere Moussa Ani Samo,2009,9320,9464,RGPH
278,Mali,Sikasso,Yanfolila,Tagandougou,2009,7524,7587,RGPH
279,Mali,Sikasso,Yanfolila,Wassoulou Balle,2009,25532,25941,RGPH
280,Mali,Sikasso,Yanfolila,Yallankoro-Soloba,2009,5410,5866,RGPH
281,Mali,Sikasso,Koutiala,Diedougou,2009,2698,2819,RGPH
282,Mali,Sikasso,Koutiala,Diouradougou Kafo,2009,4552,4699,RGPH
283,Mali,Sikasso,Koutiala,Fagui,2009,5325,5624,RGPH
284,Mali,Sikasso,Koutiala,Fakolo,2009,5476,5778,RGPH
285,Mali,Sikasso,Koutiala,Gouadji Kao,2009,5150,5564,RGPH
286,Mali,Sikasso,Koutiala,Gouadie Sougouna,2009,13100,13147,RGPH
287,Mali,Sikasso,Koutiala,Kafo Faboli,2009,6817,7389,RGPH
288,Mali,Sikasso,Koutiala,Kapala,2009,4089,4204,RGPH
289,Mali,Sikasso,Koutiala,Karagouana Malle,2009,3637,3722,RGPH
290,Mali,Sikasso,Koutiala,Kolonigue,2009,11169,11791,RGPH
291,Mali,Sikasso,Koutiala,Konina,2009,6769,7087,RGPH
292,Mali,Sikasso,Koutiala,Koningue,2009,7821,8296,RGPH
293,Mali,Sikasso,Koutiala,Konseguela,2009,14548,15536,RGPH
294,Mali,Sikasso,Koutiala,Koromo,2009,4574,4793,RGPH
295,Mali,Sikasso,Koutiala,Kouniana,2009,2267,2378,RGPH
296,Mali,Sikasso,Koutiala,Koutiala Commune,2009,70905,70539,RGPH
297,Mali,Sikasso,Koutiala,Logouana,2009,4069,4332,RGPH
298,Mali,Sikasso,Koutiala,Miena,2009,16966,18365,RGPH
299,Mali,Sikasso,Koutiala,M'pessoba,2009,6216,6818,RGPH
300,Mali,Sikasso,Koutiala,Nafanga,2009,9721,9854,RGPH
301,Mali,Sikasso,Koutiala,Nampe,2009,2979,3224,RGPH
302,Mali,Sikasso,Koutiala,N'golonianasso,2009,4290,4504,RGPH
303,Mali,Sikasso,Koutiala,N'goutjina,2009,2380,2446,RGPH
304,Mali,Sikasso,Koutiala,N'tossoni,2009,9544,10258,RGPH
305,Mali,Sikasso,Koutiala,Sincina,2009,9371,9675,RGPH
306,Mali,Sikasso,Koutiala,Sinkolo,2009,6057,6358,RGPH
307,Mali,Sikasso,Koutiala,Songo Doubacoro,2009,7245,7515,RGPH
308,Mali,Sikasso,Koutiala,Songoua,2009,3030,3169,RGPH
309,Mali,Sikasso,Koutiala,Sorobasso,2009,2800,2916,RGPH
310,Mali,Sikasso,Koutiala,Tao,2009,2804,3143,RGPH
311,Mali,Sikasso,Koutiala,Yognogo,2009,2397,2371,RGPH
312,Mali,Sikasso,Koutiala,Zanfigue,2009,7492,7747,RGPH
313,Mali,Sikasso,Koutiala,Zangasso,2009,9391,10105,RGPH
314,Mali,Sikasso,Koutiala,Zanina,2009,3619,3806,RGPH
315,Mali,Sikasso,Koutiala,Zebala,2009,8293,8997,RGPH
316,Mali,Sikasso,Bougouni,Bladie-Tiemala,2009,2186,2418,RGPH
317,Mali,Sikasso,Bougouni,Bougouni Commune,2009,29581,28957,RGPH
318,Mali,Sikasso,Bougouni,Danou,2009,6562,6902,RGPH
319,Mali,Sikasso,Bougouni,Debelin,2009,4092,4189,RGPH
320,Mali,Sikasso,Bougouni,Defina,2009,3828,4191,RGPH
321,Mali,Sikasso,Bougouni,Dogo,2009,16769,17385,RGPH
322,Mali,Sikasso,Bougouni,Domba,2009,6808,7039,RGPH
323,Mali,Sikasso,Bougouni,Faradiele,2009,1350,1339,RGPH
324,Mali,Sikasso,Bougouni,Faragouaran,2009,5066,5459,RGPH
325,Mali,Sikasso,Bougouni,Garalo,2009,15732,17028,RGPH
326,Mali,Sikasso,Bougouni,Keleya,2009,10022,10507,RGPH
327,Mali,Sikasso,Bougouni,Kokele,2009,3247,3230,RGPH
328,Mali,Sikasso,Bougouni,Kola,2009,2240,2248,RGPH
329,Mali,Sikasso,Bougouni,Koumantou,2009,24828,26381,RGPH
330,Mali,Sikasso,Bougouni,Kouroulamini,2009,3068,3177,RGPH
331,Mali,Sikasso,Bougouni,Meridiela,2009,6818,7040,RGPH
332,Mali,Sikasso,Bougouni,Ouroun,2009,2747,2798,RGPH
333,Mali,Sikasso,Bougouni,Sanso,2009,9932,9902,RGPH
334,Mali,Sikasso,Bougouni,Sibirila,2009,15109,15728,RGPH
335,Mali,Sikasso,Bougouni,Sido,2009,10269,10553,RGPH
336,Mali,Sikasso,Bougouni,Tiemala Banimonotie,2009,8232,8541,RGPH
337,Mali,Sikasso,Bougouni,Wola,2009,5623,5759,RGPH
338,Mali,Sikasso,Bougouni,Yinindougou,2009,4485,4481,RGPH
339,Mali,Sikasso,Bougouni,Yiridougou,2009,4475,5003,RGPH
340,Mali,Sikasso,Bougouni,Zantiebougou,2009,17667,18100,RGPH
341,Mali,Sikasso,Sikasso,Benkadi,2009,3875,4089,RGPH
342,Mali,Sikasso,Sikasso,Blendio,2009,5857,6398,RGPH
343,Mali,Sikasso,Sikasso,Danderesso,2009,17956,18400,RGPH
344,Mali,Sikasso,Sikasso,Dembela,2009,6134,6369,RGPH
345,Mali,Sikasso,Sikasso,Dialakoro,2009,2634,2842,RGPH
346,Mali,Sikasso,Sikasso,Diomatene,2009,2149,2314,RGPH
347,Mali,Sikasso,Sikasso,Dogoni,2009,6452,6976,RGPH
348,Mali,Sikasso,Sikasso,Doumanaba,2009,6565,7297,RGPH
349,Mali,Sikasso,Sikasso,Fama,2009,5275,5489,RGPH
350,Mali,Sikasso,Sikasso,Farakala,2009,3676,3912,RGPH
351,Mali,Sikasso,Sikasso,Finkolo,2009,6988,7191,RGPH
352,Mali,Sikasso,Sikasso,Finkolo Ganadougou,2009,8635,8698,RGPH
353,Mali,Sikasso,Sikasso,Gongasso,2009,4215,4591,RGPH
354,Mali,Sikasso,Sikasso,Kabarasso,2009,4043,4443,RGPH
355,Mali,Sikasso,Sikasso,Kaboila,2009,13200,14098,RGPH
356,Mali,Sikasso,Sikasso,Kafouziela,2009,3108,3304,RGPH
357,Mali,Sikasso,Sikasso,Kapala,2009,5040,5245,RGPH
358,Mali,Sikasso,Sikasso,Kapolondougou,2009,6990,7679,RGPH
359,Mali,Sikasso,Sikasso,Kignan,2009,12809,13154,RGPH
360,Mali,Sikasso,Sikasso,Klela,2009,12199,12671,RGPH
361,Mali,Sikasso,Sikasso,Kofan,2009,4720,5578,RGPH
362,Mali,Sikasso,Sikasso,Kolokoba,2009,3548,4155,RGPH
363,Mali,Sikasso,Sikasso,Koumankou,2009,4457,4498,RGPH
364,Mali,Sikasso,Sikasso,Kouoro,2009,7532,7567,RGPH
365,Mali,Sikasso,Sikasso,Kourouma,2009,7138,7603,RGPH
366,Mali,Sikasso,Sikasso,Lobougoula,2009,14790,16428,RGPH
367,Mali,Sikasso,Sikasso,Miniko,2009,1678,1615,RGPH
368,Mali,Sikasso,Sikasso,Miria,2009,4649,5340,RGPH
369,Mali,Sikasso,Sikasso,Missirikoro,2009,2146,2259,RGPH
370,Mali,Sikasso,Sikasso,Sokourani Missirikoro,2009,1632,1740,RGPH
371,Mali,Sikasso,Sikasso,Natien,2009,18507,18870,RGPH
372,Mali,Sikasso,Sikasso,Niena,2009,4958,5086,RGPH
373,Mali,Sikasso,Sikasso,Nongo-Souala,2009,1920,1914,RGPH
374,Mali,Sikasso,Sikasso,N'tjikouna,2009,3283,3634,RGPH
375,Mali,Sikasso,Sikasso,Pimperna,2009,4482,4826,RGPH
376,Mali,Sikasso,Sikasso,Sanzana,2009,5479,5820,RGPH
377,Mali,Sikasso,Sikasso,Sikasso Commune,2009,114171,112447,RGPH
378,Mali,Sikasso,Sikasso,Tella,2009,3698,3909,RGPH
379,Mali,Sikasso,Sikasso,Tiankadi,2009,2230,2478,RGPH
380,Mali,Sikasso,Sikasso,Wateni,2009,3097,3110,RGPH
381,Mali,Sikasso,Sikasso,Zanferebougou,2009,2237,2416,RGPH
382,Mali,Sikasso,Sikasso,Zangaradougou,2009,3537,3724,RGPH
383,Mali,Sikasso,Sikasso,Zaniena,2009,3523,3595,RGPH
384,Mali,Segou,Baroueli,Baraoueli,2009,6446,6483,RGPH
385,Mali,Segou,Baroueli,Boidie,2009,10983,11073,RGPH
386,Mali,Segou,Baroueli,Dougoufie,2009,4541,4719,RGPH
387,Mali,Segou,Baroueli,Gouendo,2009,5212,5376,RGPH
388,Mali,Segou,Baroueli,Kalake,2009,7973,8536,RGPH
389,Mali,Segou,Baroueli,Konobougou,2009,18369,18867,RGPH
390,Mali,Segou,Segou,N'gara,2009,5693,6013,RGPH
391,Mali,Segou,Baroueli,N'gassola,2009,2829,2831,RGPH
392,Mali,Segou,Segou,Samine,2009,6076,6244,RGPH
393,Mali,Segou,Baroueli,Sanando,2009,16040,16603,RGPH
394,Mali,Segou,Baroueli,Somo,2009,3357,3518,RGPH
395,Mali,Segou,Baroueli,Tamani,2009,6307,6752,RGPH
396,Mali,Segou,Baroueli,Tesserla,2009,3054,3064,RGPH
397,Mali,Segou,Segou,Baguindabougou,2009,5154,5237,RGPH
398,Mali,Segou,Segou,Bellen,2009,3514,3401,RGPH
399,Mali,Segou,Segou,Boussin,2009,5534,5970,RGPH
400,Mali,Segou,Segou,Cinzana,2009,17974,18099,RGPH
401,Mali,Segou,Segou,Diedougou,2009,8238,8291,RGPH
402,Mali,Segou,Segou,Diganibougou,2009,7781,7839,RGPH
403,Mali,Segou,Segou,Dioro,2009,22715,23906,RGPH
404,Mali,Segou,Segou,Diouna,2009,16044,16505,RGPH
405,Mali,Segou,Segou,Dougabougou,2009,14039,13912,RGPH
406,Mali,Segou,Segou,Farako,2009,5686,6085,RGPH
407,Mali,Segou,Segou,Farakou Massa,2009,7090,7620,RGPH
408,Mali,Segou,Segou,Fatine,2009,12362,12782,RGPH
409,Mali,Segou,Segou,Kamiandougou,2009,7557,7620,RGPH
410,Mali,Segou,Segou,Katiena,2009,16982,17130,RGPH
411,Mali,Segou,Segou,Konodimini,2009,7802,8111,RGPH
412,Mali,Segou,Segou,Markala,2009,22577,23349,RGPH
413,Mali,Segou,Segou,Massala,2009,3619,3685,RGPH
414,Mali,Segou,Segou,N'koumandougou,2009,6828,6828,RGPH
415,Mali,Segou,Segou,Pelengana,2009,27796,28051,RGPH
416,Mali,Segou,Segou,Sakoiba,2009,9078,9208,RGPH
417,Mali,Segou,Segou,Sama Foulala,2009,3401,3631,RGPH
418,Mali,Segou,Segou,Sansanding,2009,11661,11738,RGPH
419,Mali,Segou,Segou,Sebougou,2009,7930,8320,RGPH
420,Mali,Segou,Segou,Segou Commune,2009,66819,66682,RGPH
421,Mali,Segou,Segou,Sibila,2009,9216,9889,RGPH
422,Mali,Segou,Segou,Soignebougou,2009,1547,1552,RGPH
423,Mali,Segou,Segou,Souba,2009,9872,10178,RGPH
424,Mali,Segou,Segou,Togou,2009,5345,5716,RGPH
425,Mali,Segou,Bla,Beguene,2009,5799,6101,RGPH
426,Mali,Segou,Bla,Bla,2009,22139,23335,RGPH
427,Mali,Segou,Bla,Diaramana,2009,9650,10403,RGPH
428,Mali,Segou,Bla,Diena,2009,4740,4762,RGPH
429,Mali,Segou,Bla,Dougouolo,2009,4230,4481,RGPH
430,Mali,Segou,Bla,Falo,2009,20313,20831,RGPH
431,Mali,Segou,Bla,Fani,2009,6709,7112,RGPH
432,Mali,Segou,Bla,Kazangasso,2009,2868,3133,RGPH
433,Mali,Segou,Bla,Kemeni,2009,6524,6898,RGPH
434,Mali,Segou,Bla,Korodougou,2009,5447,5889,RGPH
435,Mali,Segou,Bla,Koulandougou,2009,2328,2382,RGPH
436,Mali,Segou,Bla,Niala,2009,4947,5315,RGPH
437,Mali,Sikasso,Koutiala,Niantaga,2009,3231,3511,RGPH
438,Mali,Segou,Bla,Samabogo,2009,6338,6872,RGPH
439,Mali,Segou,Bla,Somasso,2009,5348,5600,RGPH
440,Mali,Segou,Bla,Tiemena,2009,5356,5813,RGPH
441,Mali,Segou,Bla,Touna,2009,14813,15586,RGPH
442,Mali,Segou,Bla,Yangasso,2009,10651,10965,RGPH
443,Mali,Segou,San,Baramandougou,2009,4510,4639,RGPH
444,Mali,Segou,San,Dah,2009,6436,6499,RGPH
445,Mali,Segou,San,Diakourouna,2009,5768,5931,RGPH
446,Mali,Segou,San,Dieli,2009,6813,7171,RGPH
447,Mali,Segou,San,Djeguena,2009,1953,2086,RGPH
448,Mali,Segou,San,Fion,2009,3195,3309,RGPH
449,Mali,Segou,San,Kaniegue,2009,3585,3535,RGPH
450,Mali,Segou,San,Karaba,2009,4285,4406,RGPH
451,Mali,Segou,San,Kassorola,2009,8134,8208,RGPH
452,Mali,Segou,San,Kava,2009,9079,9277,RGPH
453,Mali,Segou,San,Moribila,2009,5646,5898,RGPH
454,Mali,Segou,San,N'goa,2009,4527,4655,RGPH
455,Mali,Segou,San,Niamana,2009,6422,6750,RGPH
456,Mali,Segou,San,Niasso,2009,5067,5132,RGPH
457,Mali,Segou,San,N'torosso,2009,4783,4800,RGPH
458,Mali,Segou,San,Ouolon,2009,6653,6660,RGPH
459,Mali,Segou,San,San Commune,2009,33540,33427,RGPH
460,Mali,Segou,San,Siadougou,2009,8896,8848,RGPH
461,Mali,Segou,San,Somo,2009,1853,1891,RGPH
462,Mali,Segou,San,Sourountouna,2009,6142,6229,RGPH
463,Mali,Segou,San,Sy,2009,6371,6185,RGPH
464,Mali,Segou,San,Tene,2009,10211,10447,RGPH
465,Mali,Segou,San,Teneni,2009,3461,3539,RGPH
466,Mali,Segou,San,Tourakolomba,2009,3934,3943,RGPH
467,Mali,Segou,San,Waki,2009,4429,4455,RGPH
468,Mali,Segou,Niono,Diabaly,2009,17222,17102,RGPH
469,Mali,Segou,Niono,Dogofry,2009,16904,17109,RGPH
470,Mali,Segou,Niono,Kala Siguida,2009,10582,10761,RGPH
471,Mali,Segou,Niono,Mariko,2009,11795,11518,RGPH
472,Mali,Segou,Niono,Nampalari,2009,5571,5533,RGPH
473,Mali,Segou,Niono,Niono,2009,40469,41174,RGPH
474,Mali,Segou,Niono,Pogo,2009,8143,8182,RGPH
475,Mali,Segou,Niono,Siribala,2009,19101,18665,RGPH
476,Mali,Segou,Niono,Sirifila Boundy,2009,16195,16720,RGPH
477,Mali,Segou,Niono,Sokolo,2009,12521,12528,RGPH
478,Mali,Segou,Niono,Toridaga Ko,2009,14351,15415,RGPH
479,Mali,Segou,Niono,Yeredon Saniona,2009,8521,8789,RGPH
480,Mali,Segou,Tominian,Benena,2009,9039,8893,RGPH
481,Mali,Segou,Tominian,Diora,2009,8372,7633,RGPH
482,Mali,Segou,Tominian,Fangasso,2009,11871,11944,RGPH
483,Mali,Segou,Tominian,Koula,2009,8905,9184,RGPH
484,Mali,Segou,Tominian,Lanfiala,2009,4646,4795,RGPH
485,Mali,Segou,Tominian,Mafoune,2009,11600,11683,RGPH
486,Mali,Segou,Tominian,Mandiakuy,2009,10808,10279,RGPH
487,Mali,Segou,Tominian,Ouan,2009,4509,4599,RGPH
488,Mali,Segou,Tominian,Sanekuy,2009,8129,7605,RGPH
489,Mali,Segou,Tominian,Timissa,2009,8757,8823,RGPH
490,Mali,Segou,Tominian,Tominian,2009,12520,12533,RGPH
491,Mali,Segou,Tominian,Yasso,2009,7021,6809,RGPH
492,Mali,Segou,Macina,Boky Were,2009,7745,7657,RGPH
493,Mali,Segou,Macina,Folomana,2009,4201,4210,RGPH
494,Mali,Segou,Macina,Kokry Centre,2009,8781,8703,RGPH
495,Mali,Segou,Macina,Kolongo,2009,16552,17622,RGPH
496,Mali,Segou,Macina,Macina,2009,17721,18551,RGPH
497,Mali,Segou,Macina,Matomo,2009,7394,7633,RGPH
498,Mali,Segou,Macina,Monimpebougou,2009,16696,17258,RGPH
499,Mali,Segou,Macina,Saloba,2009,17041,17851,RGPH
500,Mali,Segou,Macina,Sana,2009,11432,11910,RGPH
501,Mali,Segou,Macina,Souleye,2009,4747,5120,RGPH
502,Mali,Segou,Macina,Tongue,2009,3542,3710,RGPH
503,Mali,Mopti,Mopti,Bassirou,2009,825,893,RGPH
504,Mali,Mopti,Mopti,Borondougou,2009,3945,4125,RGPH
505,Mali,Mopti,Mopti,Dialloube,2009,15212,15736,RGPH
506,Mali,Mopti,Mopti,Fatoma,2009,7140,7770,RGPH
507,Mali,Mopti,Mopti,Konna,2009,18308,18482,RGPH
508,Mali,Mopti,Mopti,Korombana,2009,14516,15225,RGPH
509,Mali,Mopti,Mopti,Koubaye,2009,3289,3282,RGPH
510,Mali,Mopti,Mopti,Kounari,2009,7539,7948,RGPH
511,Mali,Mopti,Mopti,Mopti Commune,2009,60080,60706,RGPH
512,Mali,Mopti,Mopti,Ouro Modi,2009,1566,1762,RGPH
513,Mali,Mopti,Mopti,Ouroube Doude,2009,6180,6044,RGPH
514,Mali,Mopti,Mopti,Sio,2009,11921,12209,RGPH
515,Mali,Mopti,Mopti,Socoura,2009,18803,18180,RGPH
516,Mali,Mopti,Mopti,Soye,2009,10760,10463,RGPH
517,Mali,Mopti,Bandiagara,Bandiagara Commune,2009,8847,8319,RGPH
518,Mali,Mopti,Bandiagara,Bara Sara,2009,7541,7492,RGPH
519,Mali,Mopti,Bandiagara,Borko,2009,3354,3677,RGPH
520,Mali,Mopti,Bandiagara,Dandoli,2009,4670,4909,RGPH
521,Mali,Mopti,Bandiagara,Diamnati,2009,6314,6834,RGPH
522,Mali,Mopti,Bandiagara,Dogani Bere,2009,2125,2294,RGPH
523,Mali,Mopti,Bandiagara,Doucoumbo,2009,9906,10929,RGPH
524,Mali,Mopti,Bandiagara,Dourou,2009,9666,9858,RGPH
525,Mali,Mopti,Koro,Kassa,2009,8996,9905,RGPH
526,Mali,Mopti,Bandiagara,Kende,2009,1805,1921,RGPH
527,Mali,Mopti,Bandiagara,Kendie,2009,12153,13329,RGPH
528,Mali,Mopti,Bandiagara,Lowol Gueou,2009,4527,4430,RGPH
529,Mali,Mopti,Bandiagara,Metoumou,2009,6394,7622,RGPH
530,Mali,Mopti,Bandiagara,Ondougou,2009,2585,3072,RGPH
531,Mali,Mopti,Bandiagara,Pelou,2009,2060,2287,RGPH
532,Mali,Mopti,Bandiagara,Pignari,2009,7740,8323,RGPH
533,Mali,Mopti,Bandiagara,Pignari Bana,2009,14464,15615,RGPH
534,Mali,Mopti,Bandiagara,Sangha,2009,15033,15765,RGPH
535,Mali,Mopti,Bandiagara,Segue Ire,2009,6762,8099,RGPH
536,Mali,Mopti,Bandiagara,Soroly,2009,3458,3838,RGPH
537,Mali,Mopti,Bandiagara,Timiri,2009,13628,14124,RGPH
538,Mali,Mopti,Bandiagara,Wadouba,2009,13382,14477,RGPH
539,Mali,Mopti,Bankass,Bankass,2009,15260,15216,RGPH
540,Mali,Mopti,Bankass,Baye,2009,7196,7453,RGPH
541,Mali,Mopti,Bankass,Diallassagou,2009,11256,11453,RGPH
542,Mali,Mopti,Bankass,Dimbal Habe,2009,8686,8996,RGPH
543,Mali,Mopti,Bankass,Kani Bozon,2009,6712,6370,RGPH
544,Mali,Mopti,Bankass,Koulogon Habe,2009,7146,7365,RGPH
545,Mali,Mopti,Bankass,Lessagou Habe,2009,7811,7741,RGPH
546,Mali,Mopti,Bankass,Ouonkoro,2009,11559,11143,RGPH
547,Mali,Mopti,Bankass,Segue,2009,10835,11232,RGPH
548,Mali,Mopti,Bankass,Sokoura,2009,19415,19150,RGPH
549,Mali,Mopti,Bankass,Soubala,2009,5278,5406,RGPH
550,Mali,Mopti,Bankass,Tori,2009,8819,9192,RGPH
551,Mali,Mopti,Youwarou,Bimbere Tama,2009,3990,4249,RGPH
552,Mali,Mopti,Youwarou,Deboye,2009,11537,11615,RGPH
553,Mali,Mopti,Youwarou,Dirma,2009,4045,4073,RGPH
554,Mali,Mopti,Youwarou,Dongo,2009,5687,5789,RGPH
555,Mali,Mopti,Youwarou,Farimake,2009,6035,5881,RGPH
556,Mali,Mopti,Youwarou,N'dodjiga,2009,11127,11182,RGPH
557,Mali,Mopti,Youwarou,Youwarou,2009,11577,11736,RGPH
558,Mali,Mopti,Djenne,Dandougou Fakala,2009,4688,4722,RGPH
559,Mali,Mopti,Djenne,Derrary,2009,3343,3619,RGPH
560,Mali,Mopti,Djenne,Djenne Commune,2009,13320,12947,RGPH
561,Mali,Mopti,Djenne,Fakala,2009,16709,17005,RGPH
562,Mali,Mopti,Djenne,Femaye,2009,7990,8334,RGPH
563,Mali,Mopti,Djenne,Kewa,2009,10834,11191,RGPH
564,Mali,Mopti,Djenne,Madiama,2009,5735,6098,RGPH
565,Mali,Mopti,Djenne,Nema Badenyakafo,2009,22925,23474,RGPH
566,Mali,Mopti,Djenne,Niansanari,2009,2353,2390,RGPH
567,Mali,Mopti,Djenne,Ouro Ali,2009,5309,5517,RGPH
568,Mali,Mopti,Djenne,Pondori,2009,4923,5068,RGPH
569,Mali,Mopti,Djenne,Togue Mourari,2009,4611,5308,RGPH
570,Mali,Mopti,Douentza,Dallah,2009,4092,4011,RGPH
571,Mali,Mopti,Douentza,Dangol Bore,2009,13202,13338,RGPH
572,Mali,Mopti,Douentza,Debere,2009,3435,3518,RGPH
573,Mali,Mopti,Douentza,Dianwely,2009,4356,4293,RGPH
574,Mali,Mopti,Douentza,Djaptodji,2009,18354,17878,RGPH
575,Mali,Mopti,Douentza,Douentza Commune,2009,12369,11636,RGPH
576,Mali,Mopti,Douentza,Gandamia,2009,3015,2946,RGPH
577,Mali,Mopti,Douentza,Haire,2009,15055,14953,RGPH
578,Mali,Mopti,Douentza,Hombori,2009,11551,11552,RGPH
579,Mali,Mopti,Douentza,Kerena,2009,2003,1900,RGPH
580,Mali,Mopti,Douentza,Korarou,2009,1833,1616,RGPH
581,Mali,Mopti,Douentza,Koubewel Koundia,2009,6451,6729,RGPH
582,Mali,Mopti,Douentza,Mondoro,2009,21863,20331,RGPH
583,Mali,Mopti,Douentza,Petaka,2009,2850,2703,RGPH
584,Mali,Mopti,Douentza,Tedie,2009,4265,4527,RGPH
585,Mali,Mopti,Koro,Bamba,2009,6388,7015,RGPH
586,Mali,Mopti,Koro,Barapireli,2009,21449,21413,RGPH
587,Mali,Mopti,Koro,Bondo,2009,9708,9884,RGPH
588,Mali,Mopti,Koro,Diankabou,2009,5789,5826,RGPH
589,Mali,Mopti,Koro,Dinangourou,2009,16278,16545,RGPH
590,Mali,Mopti,Koro,Diougani,2009,9655,9521,RGPH
591,Mali,Mopti,Koro,Dougoutene 1,2009,10334,10596,RGPH
592,Mali,Mopti,Koro,Dougoutene 2,2009,10221,10824,RGPH
593,Mali,Mopti,Koro,Koporo Pen,2009,9281,9485,RGPH
594,Mali,Mopti,Koro,Koporokendie Na,2009,9147,9357,RGPH
595,Mali,Mopti,Koro,Koro,2009,31495,31846,RGPH
596,Mali,Mopti,Koro,Madougou,2009,14113,14830,RGPH
597,Mali,Mopti,Koro,Pel Maoude,2009,6750,6909,RGPH
598,Mali,Mopti,Koro,Yoro,2009,9389,9720,RGPH
599,Mali,Mopti,Koro,Youdiou,2009,8221,8257,RGPH
600,Mali,Mopti,Tenenkou,Diafarabe,2009,7423,7484,RGPH
601,Mali,Mopti,Tenenkou,Diaka,2009,9652,9828,RGPH
602,Mali,Mopti,Tenenkou,Diondiori,2009,10117,10375,RGPH
603,Mali,Mopti,Tenenkou,Kareri,2009,13950,13853,RGPH
604,Mali,Mopti,Tenenkou,Ouro Ardo,2009,4987,5354,RGPH
605,Mali,Mopti,Tenenkou,Ouro Guire,2009,3942,4200,RGPH
606,Mali,Mopti,Mopti,Sasalbe,2009,2942,3054,RGPH
607,Mali,Mopti,Tenenkou,Sougoulbe,2009,4372,4883,RGPH
608,Mali,Mopti,Tenenkou,Tenenkou Commune,2009,5595,5679,RGPH
609,Mali,Mopti,Tenenkou,Togoro Kotia,2009,6658,6997,RGPH
610,Mali,Mopti,Tenenkou,Toguere-Coumbe,2009,13522,14053,RGPH
611,Mali,Tombouctou,Tombouctou,Alafia,2009,6362,6550,RGPH
612,Mali,Tombouctou,Tombouctou,Ber,2009,9950,9017,RGPH
613,Mali,Tombouctou,Tombouctou,Bourem Inaly,2009,4066,4489,RGPH
614,Mali,Tombouctou,Tombouctou,Lafia,2009,3807,3947,RGPH
615,Mali,Tombouctou,Tombouctou,Salam,2009,11705,9757,RGPH
616,Mali,Tombouctou,Tombouctou,Tombouctou,2009,27915,26714,RGPH
617,Mali,Tombouctou,Dire,Arham,2009,1358,1461,RGPH
618,Mali,Tombouctou,Dire,Binga,2009,2499,2616,RGPH
619,Mali,Tombouctou,Dire,Bourem Sidi Amar,2009,5462,6142,RGPH
620,Mali,Tombouctou,Dire,Dangha,2009,6426,6479,RGPH
621,Mali,Tombouctou,Dire,Dire,2009,10193,10144,RGPH
622,Mali,Tombouctou,Dire,Garbakoira,2009,2960,2691,RGPH
623,Mali,Tombouctou,Dire,Haibongo,2009,7110,7147,RGPH
624,Mali,Tombouctou,Dire,Kirchamba,2009,2090,2030,RGPH
625,Mali,Tombouctou,Dire,Kondi,2009,1548,1503,RGPH
626,Mali,Tombouctou,Dire,Sareyamou,2009,8417,8529,RGPH
627,Mali,Tombouctou,Dire,Tienkour,2009,3248,3279,RGPH
628,Mali,Tombouctou,Dire,Tindirma,2009,3208,3269,RGPH
629,Mali,Tombouctou,Dire,Tinguereguif,2009,1455,1446,RGPH
630,Mali,Tombouctou,Goundam,Adarmalane,2009,463,492,RGPH
631,Mali,Tombouctou,Goundam,Alzounoub,2009,2399,2078,RGPH
632,Mali,Tombouctou,Goundam,Bintagoungou,2009,4065,4248,RGPH
633,Mali,Tombouctou,Goundam,Douekire,2009,8999,9096,RGPH
634,Mali,Tombouctou,Goundam,Doukouria,2009,1468,1297,RGPH
635,Mali,Tombouctou,Goundam,Essakane,2009,5825,5533,RGPH
636,Mali,Tombouctou,Goundam,Gargando,2009,4405,4117,RGPH
637,Mali,Tombouctou,Goundam,Goundam Commune,2009,6225,6361,RGPH
638,Mali,Tombouctou,Goundam,Issa Bery,2009,1989,2137,RGPH
639,Mali,Tombouctou,Goundam,Kaneye,2009,1167,1165,RGPH
640,Mali,Tombouctou,Goundam,M'bouna,2009,1894,1937,RGPH
641,Mali,Tombouctou,Goundam,Razelma,2009,2322,2076,RGPH
642,Mali,Tombouctou,Goundam,Tele,2009,2959,2967,RGPH
643,Mali,Tombouctou,Goundam,Tilemsi,2009,3917,3475,RGPH
644,Mali,Tombouctou,Goundam,Tin Aicha,2009,1503,1474,RGPH
645,Mali,Tombouctou,Goundam,Tonka,2009,25698,27578,RGPH
646,Mali,Tombouctou,Gourma-Rharous,Bambara Maoude,2009,8315,8170,RGPH
647,Mali,Tombouctou,Gourma-Rharous,Banikane,2009,2836,2825,RGPH
648,Mali,Tombouctou,Gourma-Rharous,Gossi,2009,11677,12388,RGPH
649,Mali,Tombouctou,Gourma-Rharous,Hamzakoma,2009,4475,4609,RGPH
650,Mali,Tombouctou,Gourma-Rharous,Haribomo,2009,3716,3655,RGPH
651,Mali,Tombouctou,Gourma-Rharous,Inadiatafane,2009,1851,1706,RGPH
652,Mali,Tombouctou,Gourma-Rharous,Ouinerden,2009,3081,3020,RGPH
653,Mali,Tombouctou,Gourma-Rharous,Rharous,2009,12646,13641,RGPH
654,Mali,Tombouctou,Gourma-Rharous,Serere,2009,4246,4388,RGPH
655,Mali,Tombouctou,Niafunke,Banikane Narhawa,2009,10719,10554,RGPH
656,Mali,Tombouctou,Niafunke,Dianke,2009,5171,5276,RGPH
657,Mali,Tombouctou,Niafunke,Fittouga,2009,15014,15083,RGPH
658,Mali,Tombouctou,Niafunke,Koumaira,2009,7296,7135,RGPH
659,Mali,Tombouctou,Niafunke,Lere,2009,8640,8792,RGPH
660,Mali,Tombouctou,Niafunke,N'gorkou,2009,12381,12008,RGPH
661,Mali,Tombouctou,Niafunke,Soboundou,2009,20201,20224,RGPH
662,Mali,Tombouctou,Niafunke,Soumpi,2009,8547,8401,RGPH
663,Mali,Gao,Gao,Anchawadi,2009,10714,9845,RGPH
664,Mali,Gao,Gao,Gabero,2009,12179,13442,RGPH
665,Mali,Gao,Gao,Gao,2009,43593,42760,RGPH
666,Mali,Gao,Gao,Gounzoureye,2009,13445,13804,RGPH
667,Mali,Gao,Gao,N'tillit,2009,11396,10889,RGPH
668,Mali,Gao,Gao,Sony Aliber,2009,23472,24146,RGPH
669,Mali,Gao,Gao,Tilemsi,2009,5227,4623,RGPH
670,Mali,Gao,Ansongo,Ansongo,2009,14707,15384,RGPH
671,Mali,Gao,Ansongo,Bara,2009,7264,7828,RGPH
672,Mali,Gao,Ansongo,Bourra,2009,9397,9329,RGPH
673,Mali,Gao,Ansongo,Ouattagouna,2009,15153,15110,RGPH
674,Mali,Gao,Ansongo,Talataye,2009,7398,6625,RGPH
675,Mali,Gao,Ansongo,Tessit,2009,7142,6624,RGPH
676,Mali,Gao,Ansongo,Tin Hama,2009,5147,4845,RGPH
677,Mali,Gao,Bourem,Bamba,2009,13474,15142,RGPH
678,Mali,Gao,Bourem,Bourem,2009,13106,14382,RGPH
679,Mali,Gao,Bourem,Taboye,2009,9853,10788,RGPH
680,Mali,Gao,Bourem,Tarkint,2009,10241,8858,RGPH
681,Mali,Gao,Bourem,Temera,2009,9929,10587,RGPH
682,Mali,Gao,Menaka,Alata,2009,1597,1259,RGPH
683,Mali,Gao,Menaka,Anderamboukane,2009,9493,8597,RGPH
684,Mali,Gao,Menaka,Inekar,2009,2906,2515,RGPH
685,Mali,Gao,Menaka,Menaka,2009,11828,10831,RGPH
686,Mali,Gao,Menaka,Tidermene,2009,2958,2472,RGPH
687,Mali,Kidal,Kidal,Anefif,2009,2744,2375,RGPH
688,Mali,Kidal,Kidal,Kidal,2009,13996,11973,RGPH
689,Mali,Kidal,Tin-Essako,Intadjedite,2009,2992,2435,RGPH
690,Mali,Kidal,Tin-Essako,Tin Essako,2009,1402,1193,RGPH
691,Mali,Kidal,Abeibara,Abeibara,2009,2411,2138,RGPH
692,Mali,Kidal,Abeibara,Boghassa,2009,1765,1613,RGPH
693,Mali,Kidal,Abeibara,Tinzawatene,2009,1312,1057,RGPH
694,Mali,Kidal,Tessalit,Adjelhoc,2009,4139,3764,RGPH
695,Mali,Kidal,Kidal,Essouk,2009,1289,1089,RGPH
696,Mali,Kidal,Tessalit,Tessalit,2009,2959,2624,RGPH
697,Mali,Kidal,Tessalit,Timtaghene,2009,1326,1143,RGPH
698,Mali,Bamako,Bamako,Commune I,2009,168308,166587,RGPH
699,Mali,Bamako,Bamako,Commune II,2009,78690,80670,RGPH
700,Mali,Bamako,Bamako,Commune III,2009,63792,64874,RGPH
701,Mali,Bamako,Bamako,Commune IV,2009,152153,152373,RGPH
702,Mali,Bamako,Bamako,Commune V,2009,206749,206517,RGPH
703,Mali,Bamako,Bamako,Commune VI,2009,237951,231702,RGPH
