Admin0_Nam,Pcode_Ad_0,Admin1_Nam,Pcode_Ad_1,Admin2_Nam,Pcode_Ad_2,Admin3_Nam,Pcode_Ad_3,annee,homme,femme,total,source
Mali,ML,Kayes,ML01,Kayes,ML0103,Bangassi,ML010301,2009,6123,5974,12097,RGPH
Mali,ML,Kayes,ML01,Kayes,ML0103,Colimbine,ML010302,2009,6144,6353,12497,RGPH
Mali,ML,Kayes,ML01,Kayes,ML0103,Diamou,ML010303,2009,7115,7015,14130,RGPH
Mali,ML,Kayes,ML01,Kayes,ML0103,Djelebou,ML010304,2009,11466,12091,23557,RGPH
Mali,ML,Kayes,ML01,Kayes,ML0103,Faleme,ML010305,2009,5141,5017,10158,RGPH
Mali,ML,Kayes,ML01,Kayes,ML0103,Fegui,ML010306,2009,1999,1934,3933,RGPH
Mali,ML,Kayes,ML01,Kayes,ML0103,Gory Gopela,ML010307,2009,3939,3927,7866,RGPH
Mali,ML,Kayes,ML01,Kayes,ML0103,Goumera,ML010308,2009,1918,1903,3821,RGPH
Mali,ML,Kayes,ML01,Kayes,ML0103,Guidimakan Keri Kaff,ML010309,2009,9798,10234,20032,RGPH
Mali,ML,Kayes,ML01,Kayes,ML0103,Hawa Dembaya,ML010310,2009,3406,3445,6851,RGPH
Mali,ML,Kayes,ML01,Kayes,ML0103,Karakoro,ML010311,2009,7436,7770,15206,RGPH
Mali,ML,Kayes,ML01,Kayes,ML0103,Kayes Commune,ML010312,2009,65135,61184,126319,RGPH
Mali,ML,Kayes,ML01,Kayes,ML0103,Kemene Tambo,ML010313,2009,8381,8574,16955,RGPH
Mali,ML,Kayes,ML01,Kayes,ML0103,Khouloum,ML010314,2009,9734,9260,18994,RGPH
Mali,ML,Kayes,ML01,Kayes,ML0103,Koniakary,ML010315,2009,4061,4080,8141,RGPH
Mali,ML,Kayes,ML01,Yelimane,ML0107,Konsiga,ML010707,2009,2308,2620,4928,RGPH
Mali,ML,Kayes,ML01,Kayes,ML0103,Koussane,ML010316,2009,10472,11118,21590,RGPH
Mali,ML,Kayes,ML01,Kayes,ML0103,Liberte Dembaya,ML010317,2009,7487,6879,14366,RGPH
Mali,ML,Kayes,ML01,Kayes,ML0103,Logo,ML010318,2009,6022,5967,11989,RGPH
Mali,ML,Kayes,ML01,Kayes,ML0103,Marena Diombougou,ML010319,2009,8996,9676,18672,RGPH
Mali,ML,Kayes,ML01,Kayes,ML0103,Marintoumania,ML010320,2009,4001,4060,8061,RGPH
Mali,ML,Kayes,ML01,Kayes,ML0103,Sadiola,ML010321,2009,20514,18895,39409,RGPH
Mali,ML,Kayes,ML01,Kayes,ML0103,Sahel,ML010322,2009,6038,6189,12227,RGPH
Mali,ML,Kayes,ML01,Kayes,ML0103,Same Diomboma,ML010323,2009,6245,6166,12411,RGPH
Mali,ML,Kayes,ML01,Kayes,ML0103,Segala,ML010324,2009,12882,12921,25803,RGPH
Mali,ML,Kayes,ML01,Kayes,ML0103,Sero Diamanou,ML010325,2009,11612,11727,23339,RGPH
Mali,ML,Kayes,ML01,Kayes,ML0103,Somankidy,ML010326,2009,3357,3558,6915,RGPH
Mali,ML,Kayes,ML01,Kayes,ML0103,Sony,ML010327,2009,4339,4368,8707,RGPH
Mali,ML,Kayes,ML01,Kayes,ML0103,Tafacirga,ML010328,2009,4634,4492,9126,RGPH
Mali,ML,Kayes,ML01,Bafoulabe,ML0101,Bafoulabe,ML010101,2009,9824,9942,19766,RGPH
Mali,ML,Kayes,ML01,Bafoulabe,ML0101,Bamafele,ML010102,2009,8147,8033,16180,RGPH
Mali,ML,Kayes,ML01,Bafoulabe,ML0101,Diakon,ML010103,2009,16056,17700,33756,RGPH
Mali,ML,Kayes,ML01,Bafoulabe,ML0101,Diallan,ML010104,2009,7285,7410,14695,RGPH
Mali,ML,Kayes,ML01,Bafoulabe,ML0101,Diokeli,ML010105,2009,6572,6525,13097,RGPH
Mali,ML,Kayes,ML01,Bafoulabe,ML0101,Gounfan,ML010106,2009,3563,3435,6998,RGPH
Mali,ML,Kayes,ML01,Bafoulabe,ML0101,Kontela,ML010107,2009,10374,11136,21510,RGPH
Mali,ML,Kayes,ML01,Bafoulabe,ML0101,Koundian,ML010108,2009,6735,7122,13857,RGPH
Mali,ML,Kayes,ML01,Bafoulabe,ML0101,Mahina,ML010109,2009,12976,12926,25902,RGPH
Mali,ML,Kayes,ML01,Bafoulabe,ML0101,Niambia,ML010110,2009,3715,3716,7431,RGPH
Mali,ML,Kayes,ML01,Bafoulabe,ML0101,Oualia,ML010111,2009,10173,10514,20687,RGPH
Mali,ML,Kayes,ML01,Bafoulabe,ML0101,Sidibela,ML010112,2009,3603,3954,7557,RGPH
Mali,ML,Kayes,ML01,Bafoulabe,ML0101,Tomora,ML010113,2009,15584,16627,32211,RGPH
Mali,ML,Kayes,ML01,Diema,ML0102,Bema,ML010201,2009,12326,13103,25429,RGPH
Mali,ML,Kayes,ML01,Diema,ML0102,Diangounte Camara,ML010202,2009,13541,14926,28467,RGPH
Mali,ML,Kayes,ML01,Diema,ML0102,Dianguirde,ML010203,2009,5862,6126,11988,RGPH
Mali,ML,Kayes,ML01,Diema,ML0102,Diema,ML010204,2009,15079,15391,30470,RGPH
Mali,ML,Kayes,ML01,Diema,ML0102,Dieoura,ML010205,2009,5508,6253,11761,RGPH
Mali,ML,Kayes,ML01,Diema,ML0102,Dioumara Koussata,ML010206,2009,3745,4118,7863,RGPH
Mali,ML,Kayes,ML01,Diema,ML0102,Fassou Debe,ML010207,2009,2663,2807,5470,RGPH
Mali,ML,Kayes,ML01,Diema,ML0102,Fatao,ML010208,2009,3848,4491,8339,RGPH
Mali,ML,Kayes,ML01,Diema,ML0102,Gomitradougou,ML010209,2009,3638,3658,7296,RGPH
Mali,ML,Kayes,ML01,Diema,ML0102,Groumera,ML010210,2009,5457,6062,11519,RGPH
Mali,ML,Kayes,ML01,Diema,ML0102,Guedebine,ML010211,2009,2550,2539,5089,RGPH
Mali,ML,Kayes,ML01,Diema,ML0102,Lakamane,ML010212,2009,7855,8109,15964,RGPH
Mali,ML,Kayes,ML01,Diema,ML0102,Lambidou,ML010213,2009,7030,7761,14791,RGPH
Mali,ML,Kayes,ML01,Diema,ML0102,Madiga Sacko,ML010214,2009,6695,7241,13936,RGPH
Mali,ML,Kayes,ML01,Diema,ML0102,Sansankide,ML010215,2009,2435,2538,4973,RGPH
Mali,ML,Kayes,ML01,Kenieba,ML0104,Baye,ML010401,2009,19413,19322,38735,RGPH
Mali,ML,Kayes,ML01,Kenieba,ML0104,Dabia,ML010402,2009,7334,7845,15179,RGPH
Mali,ML,Kayes,ML01,Kenieba,ML0104,Dialafara,ML010403,2009,9030,8931,17961,RGPH
Mali,ML,Kayes,ML01,Kenieba,ML0104,Dombia,ML010404,2009,3662,3920,7582,RGPH
Mali,ML,Kayes,ML01,Kenieba,ML0104,Falea,ML010405,2009,8651,8794,17445,RGPH
Mali,ML,Koulikouro,ML02,Kati,ML0204,Faraba,ML020414,2009,6184,6173,12357,RGPH
Mali,ML,Kayes,ML01,Kenieba,ML0104,Faraba,ML010406,2009,3844,3928,7772,RGPH
Mali,ML,Kayes,ML01,Kenieba,ML0104,Guenegore,ML010407,2009,3248,3339,6587,RGPH
Mali,ML,Kayes,ML01,Kenieba,ML0104,Kassama,ML010408,2009,9503,9959,19462,RGPH
Mali,ML,Kayes,ML01,Kenieba,ML0104,Kenieba,ML010409,2009,17884,17767,35651,RGPH
Mali,ML,Kayes,ML01,Kenieba,ML0104,Kouroukoto,ML010410,2009,5069,5251,10320,RGPH
Mali,ML,Kayes,ML01,Kenieba,ML0104,Sagalo,ML010411,2009,6728,7560,14288,RGPH
Mali,ML,Kayes,ML01,Kenieba,ML0104,Sitakily,ML010412,2009,16144,14010,30154,RGPH
Mali,ML,Kayes,ML01,Kita,ML0105,Badia,ML010501,2009,3487,3650,7137,RGPH
Mali,ML,Kayes,ML01,Kita,ML0105,Bendougouba,ML010502,2009,5882,6043,11925,RGPH
Mali,ML,Kayes,ML01,Kita,ML0105,Benkadi Founia,ML010503,2009,4627,4657,9284,RGPH
Mali,ML,Kayes,ML01,Kita,ML0105,Boudofo,ML010504,2009,2263,2214,4477,RGPH
Mali,ML,Kayes,ML01,Kita,ML0105,Bougarybaya,ML010505,2009,4831,5254,10085,RGPH
Mali,ML,Kayes,ML01,Kita,ML0105,Dindanko,ML010506,2009,4927,5020,9947,RGPH
Mali,ML,Kayes,ML01,Kita,ML0105,Djidian,ML010507,2009,7883,8509,16392,RGPH
Mali,ML,Kayes,ML01,Kita,ML0105,Djougoun,ML010508,2009,4012,4420,8432,RGPH
Mali,ML,Kayes,ML01,Kita,ML0105,Gadougou 1,ML010509,2009,12510,12865,25375,RGPH
Mali,ML,Kayes,ML01,Kita,ML0105,Gadougou 2,ML010510,2009,4506,4765,9271,RGPH
Mali,ML,Kayes,ML01,Kita,ML0105,Guemoukouraba,ML010511,2009,4816,5313,10129,RGPH
Mali,ML,Kayes,ML01,Kita,ML0105,Kassaro,ML010512,2009,10673,10933,21606,RGPH
Mali,ML,Kayes,ML01,Kita,ML0105,Kita Commune,ML010513,2009,24054,24989,49043,RGPH
Mali,ML,Kayes,ML01,Kita,ML0105,Kita Nord,ML010514,2009,4336,4232,8568,RGPH
Mali,ML,Kayes,ML01,Kita,ML0105,Kita Ouest,ML010515,2009,8199,8563,16762,RGPH
Mali,ML,Kayes,ML01,Kita,ML0105,Kobri,ML010516,2009,7472,7732,15204,RGPH
Mali,ML,Kayes,ML01,Kita,ML0105,Kokofata,ML010517,2009,10862,11222,22084,RGPH
Mali,ML,Kayes,ML01,Kita,ML0105,Kotouba,ML010518,2009,2917,2901,5818,RGPH
Mali,ML,Kayes,ML01,Kita,ML0105,Koulou,ML010519,2009,5126,5406,10532,RGPH
Mali,ML,Kayes,ML01,Kita,ML0105,Kourounikoto,ML010520,2009,2799,2706,5505,RGPH
Mali,ML,Kayes,ML01,Kita,ML0105,Madina,ML010521,2009,6876,7149,14025,RGPH
Mali,ML,Kayes,ML01,Kita,ML0105,Makano,ML010522,2009,5485,5544,11029,RGPH
Mali,ML,Kayes,ML01,Kita,ML0105,Namala Guimba,ML010523,2009,5910,6004,11914,RGPH
Mali,ML,Kayes,ML01,Kita,ML0105,Niantanso,ML010524,2009,2542,2588,5130,RGPH
Mali,ML,Kayes,ML01,Kita,ML0105,Saboula,ML010525,2009,3031,3153,6184,RGPH
Mali,ML,Kayes,ML01,Kita,ML0105,Sebekoro,ML010526,2009,16275,16540,32815,RGPH
Mali,ML,Kayes,ML01,Kita,ML0105,Sefeto Nord,ML010527,2009,5425,6133,11558,RGPH
Mali,ML,Kayes,ML01,Kita,ML0105,Sefeto Ouest,ML010528,2009,8308,9149,17457,RGPH
Mali,ML,Kayes,ML01,Kita,ML0105,Senko,ML010529,2009,4115,4166,8281,RGPH
Mali,ML,Kayes,ML01,Kita,ML0105,Sirakoro,ML010530,2009,5169,5429,10598,RGPH
Mali,ML,Kayes,ML01,Kita,ML0105,Souransan Tomoto,ML010531,2009,4163,4357,8520,RGPH
Mali,ML,Kayes,ML01,Kita,ML0105,Tambaga,ML010532,2009,5333,5149,10482,RGPH
Mali,ML,Kayes,ML01,Kita,ML0105,Toukoto,ML010533,2009,3399,3563,6962,RGPH
Mali,ML,Kayes,ML01,Nioro,ML0106,Baniere Kore,ML010601,2009,4519,4930,9449,RGPH
Mali,ML,Kayes,ML01,Nioro,ML0106,Diabigue,ML010602,2009,4492,4916,9408,RGPH
Mali,ML,Kayes,ML01,Nioro,ML0106,Diarra,ML010603,2009,3424,3713,7137,RGPH
Mali,ML,Kayes,ML01,Nioro,ML0106,Diaye Coura,ML010604,2009,6556,7161,13717,RGPH
Mali,ML,Kayes,ML01,Nioro,ML0106,Gavinane,ML010605,2009,7676,8003,15679,RGPH
Mali,ML,Kayes,ML01,Nioro,ML0106,Gogui,ML010606,2009,6186,6761,12947,RGPH
Mali,ML,Kayes,ML01,Nioro,ML0106,Guetema,ML010607,2009,4484,4848,9332,RGPH
Mali,ML,Kayes,ML01,Nioro,ML0106,Kadiaba Kadiel,ML010608,2009,4982,4944,9926,RGPH
Mali,ML,Kayes,ML01,Nioro,ML0106,Korera Kore,ML010609,2009,9453,9974,19427,RGPH
Mali,ML,Kayes,ML01,Nioro,ML0106,Nioro Commune,ML010610,2009,17258,16433,33691,RGPH
Mali,ML,Kayes,ML01,Nioro,ML0106,Nioro Tougoune Ranga,ML010611,2009,6410,6791,13201,RGPH
Mali,ML,Kayes,ML01,Nioro,ML0106,Sandare,ML010612,2009,12597,13019,25616,RGPH
Mali,ML,Kayes,ML01,Nioro,ML0106,Simbi,ML010613,2009,9786,10307,20093,RGPH
Mali,ML,Kayes,ML01,Nioro,ML0106,Troungoumbe,ML010614,2009,5981,6507,12488,RGPH
Mali,ML,Kayes,ML01,Nioro,ML0106,Yerere,ML010615,2009,6567,6920,13487,RGPH
Mali,ML,Kayes,ML01,Nioro,ML0106,Youri,ML010616,2009,3351,3765,7116,RGPH
Mali,ML,Kayes,ML01,Yelimane,ML0107,Diafounou Diongaga,ML010701,2009,4663,5015,9678,RGPH
Mali,ML,Kayes,ML01,Yelimane,ML0107,Diafounou Gory,ML010702,2009,9659,10591,20250,RGPH
Mali,ML,Kayes,ML01,Yelimane,ML0107,Fanga,ML010703,2009,3862,4071,7933,RGPH
Mali,ML,Kayes,ML01,Yelimane,ML0107,Gory,ML010704,2009,6131,6470,12601,RGPH
Mali,ML,Kayes,ML01,Yelimane,ML0107,Guidime,ML010705,2009,19403,20420,39823,RGPH
Mali,ML,Kayes,ML01,Yelimane,ML0107,Kirane Kaniaga,ML010706,2009,16863,18034,34897,RGPH
Mali,ML,Kayes,ML01,Yelimane,ML0107,Kremis,ML010708,2009,5473,5571,11044,RGPH
Mali,ML,Kayes,ML01,Yelimane,ML0107,Marekaffo,ML010709,2009,2501,2823,5324,RGPH
Mali,ML,Kayes,ML01,Yelimane,ML0107,Soumpou,ML010710,2009,2364,2489,4853,RGPH
Mali,ML,Kayes,ML01,Yelimane,ML0107,Toya,ML010711,2009,5953,6691,12644,RGPH
Mali,ML,Kayes,ML01,Yelimane,ML0107,Tringa,ML010712,2009,5966,6576,12542,RGPH
Mali,ML,Koulikouro,ML02,Koulikoro,ML0206,Dinandougou,ML020601,2009,10571,10789,21360,RGPH
Mali,ML,Koulikouro,ML02,Koulikoro,ML0206,Doumba,ML020602,2009,3695,3768,7463,RGPH
Mali,ML,Koulikouro,ML02,Koulikoro,ML0206,Koula,ML020603,2009,11662,11786,23448,RGPH
Mali,ML,Koulikouro,ML02,Koulikoro,ML0206,Koulikoro Commune,ML020604,2009,20943,20659,41602,RGPH
Mali,ML,Koulikouro,ML02,Koulikoro,ML0206,Meguetan,ML020605,2009,12889,12504,25393,RGPH
Mali,ML,Koulikouro,ML02,Koulikoro,ML0206,Nyamina,ML020606,2009,17904,17881,35785,RGPH
Mali,ML,Koulikouro,ML02,Koulikoro,ML0206,Sirakorola,ML020607,2009,18038,17954,35992,RGPH
Mali,ML,Koulikouro,ML02,Koulikoro,ML0206,Tienfala,ML020608,2009,3514,3474,6988,RGPH
Mali,ML,Koulikouro,ML02,Koulikoro,ML0206,Tougouni,ML020609,2009,6315,6265,12580,RGPH
Mali,ML,Koulikouro,ML02,Banamba,ML0201,Banamba,ML020101,2009,15851,16029,31880,RGPH
Mali,ML,Koulikouro,ML02,Banamba,ML0201,Boron,ML020103,2009,18898,19208,38106,RGPH
Mali,ML,Koulikouro,ML02,Banamba,ML0201,Duguwolowula,ML020104,2009,21658,21368,43026,RGPH
Mali,ML,Koulikouro,ML02,Banamba,ML0201,Kiban,ML020105,2009,6194,6195,12389,RGPH
Mali,ML,Koulikouro,ML02,Banamba,ML0201,Madina Sacko,ML020106,2009,12924,13219,26143,RGPH
Mali,ML,Koulikouro,ML02,Banamba,ML0201,Sebete,ML020107,2009,2015,2045,4060,RGPH
Mali,ML,Koulikouro,ML02,Banamba,ML0201,Toubacoro,ML020108,2009,7118,7256,14374,RGPH
Mali,ML,Koulikouro,ML02,Banamba,ML0201,Toukoroba,ML020109,2009,5892,6063,11955,RGPH
Mali,ML,Koulikouro,ML02,Dioila,ML0202,Banco,ML020201,2009,16039,16940,32979,RGPH
Mali,ML,Koulikouro,ML02,Dioila,ML0202,Benkadi,ML020202,2009,3811,4088,7899,RGPH
Mali,ML,Koulikouro,ML02,Dioila,ML0202,Binko,ML020203,2009,9849,10048,19897,RGPH
Mali,ML,Koulikouro,ML02,Dioila,ML0202,Degnekoro,ML020204,2009,4883,5199,10082,RGPH
Mali,ML,Koulikouro,ML02,Dioila,ML0202,Diebe,ML020205,2009,4129,4575,8704,RGPH
Mali,ML,Koulikouro,ML02,Dioila,ML0202,Diedougou,ML020206,2009,17541,18351,35892,RGPH
Mali,ML,Koulikouro,ML02,Dioila,ML0202,Diouman,ML020207,2009,8003,8277,16280,RGPH
Mali,ML,Koulikouro,ML02,Dioila,ML0202,Dolendougou,ML020208,2009,6831,7389,14220,RGPH
Mali,ML,Koulikouro,ML02,Dioila,ML0202,Guegneka,ML020209,2009,23949,24092,48041,RGPH
Mali,ML,Koulikouro,ML02,Dioila,ML0202,Jekafo,ML020210,2009,3241,3400,6641,RGPH
Mali,ML,Koulikouro,ML02,Dioila,ML0202,Kaladougou,ML020211,2009,19429,19742,39171,RGPH
Mali,ML,Koulikouro,ML02,Dioila,ML0202,Kemekafo,ML020212,2009,12253,12181,24434,RGPH
Mali,ML,Koulikouro,ML02,Dioila,ML0202,Kerela,ML020213,2009,6280,6346,12626,RGPH
Mali,ML,Koulikouro,ML02,Dioila,ML0202,Kilidougou,ML020214,2009,7578,7930,15508,RGPH
Mali,ML,Koulikouro,ML02,Dioila,ML0202,Massigui,ML020215,2009,26249,28003,54252,RGPH
Mali,ML,Koulikouro,ML02,Dioila,ML0202,Nangola,ML020216,2009,9169,9436,18605,RGPH
Mali,ML,Koulikouro,ML02,Dioila,ML0202,N'dlondougou,ML020217,2009,10326,10667,20993,RGPH
Mali,ML,Koulikouro,ML02,Dioila,ML0202,N'garadougou,ML020218,2009,7633,7960,15593,RGPH
Mali,ML,Koulikouro,ML02,Dioila,ML0202,N'golobougou,ML020219,2009,10272,10753,21025,RGPH
Mali,ML,Koulikouro,ML02,Dioila,ML0202,Niantjila,ML020220,2009,6837,7466,14303,RGPH
Mali,ML,Koulikouro,ML02,Dioila,ML0202,Tenindougou,ML020221,2009,7681,7725,15406,RGPH
Mali,ML,Koulikouro,ML02,Dioila,ML0202,Wacoro,ML020222,2009,7441,7559,15e3,RGPH
Mali,ML,Koulikouro,ML02,Dioila,ML0202,Zan Coulibaly,ML020223,2009,9235,9255,18490,RGPH
Mali,ML,Koulikouro,ML02,Kangaba,ML0203,Balan Bakama,ML020301,2009,3404,3487,6891,RGPH
Mali,ML,Koulikouro,ML02,Kangaba,ML0203,Benkadi,ML020302,2009,4741,4694,9435,RGPH
Mali,ML,Koulikouro,ML02,Kangaba,ML0203,Kaniogo,ML020303,2009,8308,8477,16785,RGPH
Mali,ML,Koulikouro,ML02,Kangaba,ML0203,Karan Commune,ML020304,2009,3134,3242,6376,RGPH
Mali,ML,Koulikouro,ML02,Kangaba,ML0203,Maramandougou,ML020305,2009,7237,7302,14539,RGPH
Mali,ML,Koulikouro,ML02,Kangaba,ML0203,Minidian,ML020306,2009,9012,9113,18125,RGPH
Mali,ML,Koulikouro,ML02,Kangaba,ML0203,Narena,ML020307,2009,6133,6420,12553,RGPH
Mali,ML,Koulikouro,ML02,Kangaba,ML0203,Nouga,ML020308,2009,5429,5628,11057,RGPH
Mali,ML,Koulikouro,ML02,Kangaba,ML0203,Selefougou,ML020309,2009,2304,2333,4637,RGPH
Mali,ML,Koulikouro,ML02,Kati,ML0204,Baguineda Camp,ML020401,2009,26406,25415,51821,RGPH
Mali,ML,Koulikouro,ML02,Kati,ML0204,Bancoumana,ML020402,2009,11836,11741,23577,RGPH
Mali,ML,Koulikouro,ML02,Kati,ML0204,Bossofala,ML020403,2009,8437,8461,16898,RGPH
Mali,ML,Koulikouro,ML02,Kati,ML0204,Bougoula,ML020404,2009,5418,5363,10781,RGPH
Mali,ML,Koulikouro,ML02,Kati,ML0204,Daban,ML020405,2009,5582,5577,11159,RGPH
Mali,ML,Koulikouro,ML02,Kati,ML0204,Diago,ML020406,2009,4687,4725,9412,RGPH
Mali,ML,Koulikouro,ML02,Kati,ML0204,Dialakoroba,ML020407,2009,11533,11302,22835,RGPH
Mali,ML,Koulikouro,ML02,Kati,ML0204,Dialakorodji,ML020408,2009,23836,23650,47486,RGPH
Mali,ML,Koulikouro,ML02,Kati,ML0204,Diedougou,ML020409,2009,5140,5372,10512,RGPH
Mali,ML,Koulikouro,ML02,Kati,ML0204,Dio Gare,ML020410,2009,6219,6523,12742,RGPH
Mali,ML,Koulikouro,ML02,Kati,ML0204,Dogodouman,ML020411,2009,5909,5875,11784,RGPH
Mali,ML,Koulikouro,ML02,Kati,ML0204,Dombila,ML020412,2009,6561,6891,13452,RGPH
Mali,ML,Koulikouro,ML02,Kati,ML0204,Doubabougou,ML020413,2009,4869,4986,9855,RGPH
Mali,ML,Koulikouro,ML02,Kati,ML0204,Kalabancoro,ML020415,2009,81018,80864,161882,RGPH
Mali,ML,Koulikouro,ML02,Kati,ML0204,Kalifabougou,ML020416,2009,5587,6034,11621,RGPH
Mali,ML,Koulikouro,ML02,Kati,ML0204,Kambila,ML020417,2009,7599,7766,15365,RGPH
Mali,ML,Koulikouro,ML02,Kati,ML0204,Kati Commune,ML020418,2009,41982,42518,84500,RGPH
Mali,ML,Koulikouro,ML02,Kati,ML0204,Kourouba,ML020419,2009,2885,2944,5829,RGPH
Mali,ML,Koulikouro,ML02,Kati,ML0204,Mande,ML020420,2009,28734,28615,57349,RGPH
Mali,ML,Koulikouro,ML02,Kati,ML0204,Moribabougou,ML020421,2009,13457,13602,27059,RGPH
Mali,ML,Koulikouro,ML02,Kati,ML0204,Mountougoula,ML020422,2009,7996,8232,16228,RGPH
Mali,ML,Koulikouro,ML02,Kati,ML0204,N'gabacoro,ML020423,2009,9254,9009,18263,RGPH
Mali,ML,Koulikouro,ML02,Kati,ML0204,N'gouraba,ML020424,2009,8842,8853,17695,RGPH
Mali,ML,Koulikouro,ML02,Kati,ML0204,Niagadina,ML020425,2009,5056,5386,10442,RGPH
Mali,ML,Koulikouro,ML02,Kati,ML0204,Nioumakana,ML020426,2009,4075,4351,8426,RGPH
Mali,ML,Koulikouro,ML02,Kati,ML0204,N'tjiba,ML020427,2009,10653,11139,21792,RGPH
Mali,ML,Koulikouro,ML02,Kati,ML0204,Ouelessebougou,ML020428,2009,24694,25345,50039,RGPH
Mali,ML,Koulikouro,ML02,Kati,ML0204,Safo,ML020429,2009,7443,7238,14681,RGPH
Mali,ML,Koulikouro,ML02,Kati,ML0204,Sanankoro Djitoumou,ML020430,2009,6594,6733,13327,RGPH
Mali,ML,Koulikouro,ML02,Kati,ML0204,Sanankoroba,ML020431,2009,18718,18643,37361,RGPH
Mali,ML,Koulikouro,ML02,Kati,ML0204,Sangarebougou,ML020432,2009,24021,23171,47192,RGPH
Mali,ML,Koulikouro,ML02,Kati,ML0204,Siby,ML020433,2009,12140,12115,24255,RGPH
Mali,ML,Koulikouro,ML02,Kati,ML0204,Sobra,ML020434,2009,4817,4987,9804,RGPH
Mali,ML,Koulikouro,ML02,Kati,ML0204,Tiakadougou Dialakoro,ML020435,2009,3819,3879,7698,RGPH
Mali,ML,Koulikouro,ML02,Kati,ML0204,Tiele,ML020436,2009,9088,9406,18494,RGPH
Mali,ML,Koulikouro,ML02,Kati,ML0204,Yelekebougou,ML020437,2009,6228,6552,12780,RGPH
Mali,ML,Koulikouro,ML02,Banamba,ML0201,Ben Kadi,ML020102,2009,4554,4518,9072,RGPH
Mali,ML,Koulikouro,ML02,Kolokani,ML0205,Didieni,ML020501,2009,16145,16949,33094,RGPH
Mali,ML,Koulikouro,ML02,Kolokani,ML0205,Guihoyo,ML020502,2009,10536,10995,21531,RGPH
Mali,ML,Koulikouro,ML02,Kolokani,ML0205,Kolokani,ML020503,2009,21592,22628,44220,RGPH
Mali,ML,Koulikouro,ML02,Kolokani,ML0205,Massantola,ML020504,2009,17380,17983,35363,RGPH
Mali,ML,Koulikouro,ML02,Kolokani,ML0205,Nonkon,ML020505,2009,8834,9297,18131,RGPH
Mali,ML,Koulikouro,ML02,Kolokani,ML0205,Nossombougou,ML020506,2009,10105,10640,20745,RGPH
Mali,ML,Koulikouro,ML02,Kolokani,ML0205,Ouolodo,ML020507,2009,4923,5039,9962,RGPH
Mali,ML,Koulikouro,ML02,Kolokani,ML0205,Sagabala,ML020508,2009,8616,9091,17707,RGPH
Mali,ML,Koulikouro,ML02,Kolokani,ML0205,Sebecoro 1,ML020509,2009,9322,9723,19045,RGPH
Mali,ML,Koulikouro,ML02,Kolokani,ML0205,Tioribougou,ML020510,2009,6203,6499,12702,RGPH
Mali,ML,Koulikouro,ML02,Nara,ML0207,Allahina,ML020701,2009,5574,6018,11592,RGPH
Mali,ML,Koulikouro,ML02,Nara,ML0207,Dabo,ML020702,2009,5531,6093,11624,RGPH
Mali,ML,Koulikouro,ML02,Nara,ML0207,Dilly,ML020703,2009,19296,19153,38449,RGPH
Mali,ML,Koulikouro,ML02,Nara,ML0207,Dogofry,ML020704,2009,16892,17763,34655,RGPH
Mali,ML,Koulikouro,ML02,Nara,ML0207,Fallou,ML020705,2009,14841,15194,30035,RGPH
Mali,ML,Koulikouro,ML02,Nara,ML0207,Gueneibe,ML020706,2009,4421,4330,8751,RGPH
Mali,ML,Koulikouro,ML02,Nara,ML0207,Guire,ML020707,2009,10037,9838,19875,RGPH
Mali,ML,Koulikouro,ML02,Nara,ML0207,Koronga,ML020708,2009,5535,5476,11011,RGPH
Mali,ML,Koulikouro,ML02,Nara,ML0207,Nara,ML020709,2009,14581,15021,29602,RGPH
Mali,ML,Koulikouro,ML02,Nara,ML0207,Niamana,ML020710,2009,13830,14250,28080,RGPH
Mali,ML,Koulikouro,ML02,Nara,ML0207,Ouagadou,ML020711,2009,8902,9328,18230,RGPH
Mali,ML,Sikasso,ML03,Kadiolo,ML0302,Diou,ML030201,2009,1744,1760,3504,RGPH
Mali,ML,Sikasso,ML03,Kadiolo,ML0302,Dioumatene,ML030202,2009,4497,4645,9142,RGPH
Mali,ML,Sikasso,ML03,Kadiolo,ML0302,Fourou,ML030203,2009,21937,19606,41543,RGPH
Mali,ML,Sikasso,ML03,Kadiolo,ML0302,Kadiolo,ML030204,2009,25394,26622,52016,RGPH
Mali,ML,Sikasso,ML03,Kadiolo,ML0302,Kai,ML030205,2009,3839,4346,8185,RGPH
Mali,ML,Sikasso,ML03,Kadiolo,ML0302,Loulouni,ML030206,2009,19863,21223,41086,RGPH
Mali,ML,Sikasso,ML03,Kadiolo,ML0302,Misseni,ML030207,2009,28443,19230,47673,RGPH
Mali,ML,Sikasso,ML03,Kadiolo,ML0302,Nimbougou,ML030208,2009,4001,4422,8423,RGPH
Mali,ML,Sikasso,ML03,Kadiolo,ML0302,Zegoua,ML030209,2009,16480,16638,33118,RGPH
Mali,ML,Sikasso,ML03,Yorosso,ML0307,Boura,ML030701,2009,11055,11160,22215,RGPH
Mali,ML,Sikasso,ML03,Yorosso,ML0307,Karangana,ML030702,2009,8225,8793,17018,RGPH
Mali,ML,Sikasso,ML03,Yorosso,ML0307,Kiffosso 1,ML030703,2009,9496,9942,19438,RGPH
Mali,ML,Sikasso,ML03,Yorosso,ML0307,Koumbia,ML030704,2009,12625,12810,25435,RGPH
Mali,ML,Sikasso,ML03,Yorosso,ML0307,Koury,ML030705,2009,26842,27448,54290,RGPH
Mali,ML,Sikasso,ML03,Yorosso,ML0307,Mahou,ML030706,2009,8191,8056,16247,RGPH
Mali,ML,Sikasso,ML03,Yorosso,ML0307,Menamba 1,ML030707,2009,5231,5290,10521,RGPH
Mali,ML,Sikasso,ML03,Yorosso,ML0307,Ourikela,ML030708,2009,11657,12177,23834,RGPH
Mali,ML,Sikasso,ML03,Yorosso,ML0307,Yorosso,ML030709,2009,11138,11470,22608,RGPH
Mali,ML,Sikasso,ML03,Kolondieba,ML0303,Bougoula,ML030301,2009,3054,3227,6281,RGPH
Mali,ML,Sikasso,ML03,Kolondieba,ML0303,Fakola,ML030302,2009,13955,14485,28440,RGPH
Mali,ML,Sikasso,ML03,Kolondieba,ML0303,Farako,ML030303,2009,7363,7410,14773,RGPH
Mali,ML,Sikasso,ML03,Kolondieba,ML0303,Kadiana,ML030304,2009,9692,10153,19845,RGPH
Mali,ML,Sikasso,ML03,Kolondieba,ML0303,Kebila,ML030305,2009,15661,17429,33090,RGPH
Mali,ML,Sikasso,ML03,Kolondieba,ML0303,Kolondieba,ML030306,2009,25976,27404,53380,RGPH
Mali,ML,Sikasso,ML03,Kolondieba,ML0303,Kolosso,ML030307,2009,3120,3080,6200,RGPH
Mali,ML,Sikasso,ML03,Kolondieba,ML0303,Mena,ML030308,2009,2950,3207,6157,RGPH
Mali,ML,Sikasso,ML03,Kolondieba,ML0303,Nangalasso,ML030309,2009,3254,3618,6872,RGPH
Mali,ML,Sikasso,ML03,Kolondieba,ML0303,N'golodiana,ML030310,2009,5654,6030,11684,RGPH
Mali,ML,Sikasso,ML03,Kolondieba,ML0303,Tiongui,ML030311,2009,4420,4773,9193,RGPH
Mali,ML,Sikasso,ML03,Kolondieba,ML0303,Tousseguela,ML030312,2009,2717,2830,5547,RGPH
Mali,ML,Sikasso,ML03,Yanfolila,ML0306,Baya,ML030601,2009,12152,12312,24464,RGPH
Mali,ML,Sikasso,ML03,Yanfolila,ML0306,Bolo-Fouta,ML030602,2009,2164,2264,4428,RGPH
Mali,ML,Sikasso,ML03,Bougouni,ML0301,Syen Toula,ML030121,2009,4694,4761,9455,RGPH
Mali,ML,Sikasso,ML03,Yanfolila,ML0306,Djallon-Foula,ML030603,2009,5596,5601,11197,RGPH
Mali,ML,Sikasso,ML03,Yanfolila,ML0306,Djiguiya De Koloni,ML030604,2009,3398,3466,6864,RGPH
Mali,ML,Sikasso,ML03,Yanfolila,ML0306,Gouanan,ML030605,2009,6576,6852,13428,RGPH
Mali,ML,Sikasso,ML03,Yanfolila,ML0306,Gouandiaka,ML030606,2009,12297,12822,25119,RGPH
Mali,ML,Sikasso,ML03,Yanfolila,ML0306,Koussan,ML030607,2009,5118,5073,10191,RGPH
Mali,ML,Sikasso,ML03,Yanfolila,ML0306,Sankarani,ML030608,2009,3660,3903,7563,RGPH
Mali,ML,Sikasso,ML03,Yanfolila,ML0306,Sere Moussa Ani Samo,ML030609,2009,9320,9464,18784,RGPH
Mali,ML,Sikasso,ML03,Yanfolila,ML0306,Tagandougou,ML030610,2009,7524,7587,15111,RGPH
Mali,ML,Sikasso,ML03,Yanfolila,ML0306,Wassoulou Balle,ML030611,2009,25532,25941,51473,RGPH
Mali,ML,Sikasso,ML03,Yanfolila,ML0306,Yallankoro-Soloba,ML030612,2009,5410,5866,11276,RGPH
Mali,ML,Sikasso,ML03,Koutiala,ML0304,Diedougou,ML030401,2009,2698,2819,5517,RGPH
Mali,ML,Sikasso,ML03,Koutiala,ML0304,Diouradougou Kafo,ML030402,2009,4552,4699,9251,RGPH
Mali,ML,Sikasso,ML03,Koutiala,ML0304,Fagui,ML030403,2009,5325,5624,10949,RGPH
Mali,ML,Sikasso,ML03,Koutiala,ML0304,Fakolo,ML030404,2009,5476,5778,11254,RGPH
Mali,ML,Sikasso,ML03,Koutiala,ML0304,Gouadji Kao,ML030406,2009,5150,5564,10714,RGPH
Mali,ML,Sikasso,ML03,Koutiala,ML0304,Gouadie Sougouna,ML030405,2009,13100,13147,26247,RGPH
Mali,ML,Sikasso,ML03,Koutiala,ML0304,Kafo Faboli,ML030407,2009,6817,7389,14206,RGPH
Mali,ML,Sikasso,ML03,Koutiala,ML0304,Kapala,ML030408,2009,4089,4204,8293,RGPH
Mali,ML,Sikasso,ML03,Koutiala,ML0304,Karagouana Malle,ML030409,2009,3637,3722,7359,RGPH
Mali,ML,Sikasso,ML03,Koutiala,ML0304,Kolonigue,ML030410,2009,11169,11791,22960,RGPH
Mali,ML,Sikasso,ML03,Koutiala,ML0304,Konina,ML030411,2009,6769,7087,13856,RGPH
Mali,ML,Sikasso,ML03,Koutiala,ML0304,Koningue,ML030412,2009,7821,8296,16117,RGPH
Mali,ML,Sikasso,ML03,Koutiala,ML0304,Konseguela,ML030413,2009,14548,15536,30084,RGPH
Mali,ML,Sikasso,ML03,Koutiala,ML0304,Koromo,ML030414,2009,4574,4793,9367,RGPH
Mali,ML,Sikasso,ML03,Koutiala,ML0304,Kouniana,ML030415,2009,2267,2378,4645,RGPH
Mali,ML,Sikasso,ML03,Koutiala,ML0304,Koutiala Commune,ML030416,2009,70905,70539,141444,RGPH
Mali,ML,Sikasso,ML03,Koutiala,ML0304,Logouana,ML030417,2009,4069,4332,8401,RGPH
Mali,ML,Sikasso,ML03,Koutiala,ML0304,Miena,ML030418,2009,16966,18365,35331,RGPH
Mali,ML,Sikasso,ML03,Koutiala,ML0304,M'pessoba,ML030419,2009,6216,6818,13034,RGPH
Mali,ML,Sikasso,ML03,Koutiala,ML0304,Nafanga,ML030420,2009,9721,9854,19575,RGPH
Mali,ML,Sikasso,ML03,Koutiala,ML0304,Nampe,ML030421,2009,2979,3224,6203,RGPH
Mali,ML,Sikasso,ML03,Koutiala,ML0304,N'golonianasso,ML030422,2009,4290,4504,8794,RGPH
Mali,ML,Sikasso,ML03,Koutiala,ML0304,N'goutjina,ML030423,2009,2380,2446,4826,RGPH
Mali,ML,Sikasso,ML03,Koutiala,ML0304,N'tossoni,ML030425,2009,9544,10258,19802,RGPH
Mali,ML,Sikasso,ML03,Koutiala,ML0304,Sincina,ML030426,2009,9371,9675,19046,RGPH
Mali,ML,Sikasso,ML03,Koutiala,ML0304,Sinkolo,ML030427,2009,6057,6358,12415,RGPH
Mali,ML,Sikasso,ML03,Koutiala,ML0304,Songo Doubacoro,ML030428,2009,7245,7515,14760,RGPH
Mali,ML,Sikasso,ML03,Koutiala,ML0304,Songoua,ML030429,2009,3030,3169,6199,RGPH
Mali,ML,Sikasso,ML03,Koutiala,ML0304,Sorobasso,ML030430,2009,2800,2916,5716,RGPH
Mali,ML,Sikasso,ML03,Koutiala,ML0304,Tao,ML030431,2009,2804,3143,5947,RGPH
Mali,ML,Sikasso,ML03,Koutiala,ML0304,Yognogo,ML030432,2009,2397,2371,4768,RGPH
Mali,ML,Sikasso,ML03,Koutiala,ML0304,Zanfigue,ML030433,2009,7492,7747,15239,RGPH
Mali,ML,Sikasso,ML03,Koutiala,ML0304,Zangasso,ML030434,2009,9391,10105,19496,RGPH
Mali,ML,Sikasso,ML03,Koutiala,ML0304,Zanina,ML030435,2009,3619,3806,7425,RGPH
Mali,ML,Sikasso,ML03,Koutiala,ML0304,Zebala,ML030436,2009,8293,8997,17290,RGPH
Mali,ML,Sikasso,ML03,Bougouni,ML0301,Bladie-Tiemala,ML030101,2009,2186,2418,4604,RGPH
Mali,ML,Sikasso,ML03,Bougouni,ML0301,Bougouni Commune,ML030102,2009,29581,28957,58538,RGPH
Mali,ML,Sikasso,ML03,Bougouni,ML0301,Danou,ML030103,2009,6562,6902,13464,RGPH
Mali,ML,Sikasso,ML03,Bougouni,ML0301,Debelin,ML030104,2009,4092,4189,8281,RGPH
Mali,ML,Sikasso,ML03,Bougouni,ML0301,Defina,ML030105,2009,3828,4191,8019,RGPH
Mali,ML,Sikasso,ML03,Bougouni,ML0301,Dogo,ML030106,2009,16769,17385,34154,RGPH
Mali,ML,Sikasso,ML03,Bougouni,ML0301,Domba,ML030107,2009,6808,7039,13847,RGPH
Mali,ML,Sikasso,ML03,Bougouni,ML0301,Faradiele,ML030108,2009,1350,1339,2689,RGPH
Mali,ML,Sikasso,ML03,Bougouni,ML0301,Faragouaran,ML030109,2009,5066,5459,10525,RGPH
Mali,ML,Sikasso,ML03,Bougouni,ML0301,Garalo,ML030110,2009,15732,17028,32760,RGPH
Mali,ML,Sikasso,ML03,Bougouni,ML0301,Keleya,ML030111,2009,10022,10507,20529,RGPH
Mali,ML,Sikasso,ML03,Bougouni,ML0301,Kokele,ML030112,2009,3247,3230,6477,RGPH
Mali,ML,Sikasso,ML03,Bougouni,ML0301,Kola,ML030113,2009,2240,2248,4488,RGPH
Mali,ML,Sikasso,ML03,Bougouni,ML0301,Koumantou,ML030114,2009,24828,26381,51209,RGPH
Mali,ML,Sikasso,ML03,Bougouni,ML0301,Kouroulamini,ML030115,2009,3068,3177,6245,RGPH
Mali,ML,Sikasso,ML03,Bougouni,ML0301,Meridiela,ML030116,2009,6818,7040,13858,RGPH
Mali,ML,Sikasso,ML03,Bougouni,ML0301,Ouroun,ML030117,2009,2747,2798,5545,RGPH
Mali,ML,Sikasso,ML03,Bougouni,ML0301,Sanso,ML030118,2009,9932,9902,19834,RGPH
Mali,ML,Sikasso,ML03,Bougouni,ML0301,Sibirila,ML030119,2009,15109,15728,30837,RGPH
Mali,ML,Sikasso,ML03,Bougouni,ML0301,Sido,ML030120,2009,10269,10553,20822,RGPH
Mali,ML,Sikasso,ML03,Bougouni,ML0301,Tiemala Banimonotie,ML030122,2009,8232,8541,16773,RGPH
Mali,ML,Sikasso,ML03,Bougouni,ML0301,Wola,ML030123,2009,5623,5759,11382,RGPH
Mali,ML,Sikasso,ML03,Bougouni,ML0301,Yinindougou,ML030124,2009,4485,4481,8966,RGPH
Mali,ML,Sikasso,ML03,Bougouni,ML0301,Yiridougou,ML030125,2009,4475,5003,9478,RGPH
Mali,ML,Sikasso,ML03,Bougouni,ML0301,Zantiebougou,ML030126,2009,17667,18100,35767,RGPH
Mali,ML,Sikasso,ML03,Sikasso,ML0305,Benkadi,ML030501,2009,3875,4089,7964,RGPH
Mali,ML,Sikasso,ML03,Sikasso,ML0305,Blendio,ML030502,2009,5857,6398,12255,RGPH
Mali,ML,Sikasso,ML03,Sikasso,ML0305,Danderesso,ML030503,2009,17956,18400,36356,RGPH
Mali,ML,Sikasso,ML03,Sikasso,ML0305,Dembela,ML030504,2009,6134,6369,12503,RGPH
Mali,ML,Sikasso,ML03,Sikasso,ML0305,Dialakoro,ML030505,2009,2634,2842,5476,RGPH
Mali,ML,Sikasso,ML03,Sikasso,ML0305,Diomatene,ML030506,2009,2149,2314,4463,RGPH
Mali,ML,Sikasso,ML03,Sikasso,ML0305,Dogoni,ML030507,2009,6452,6976,13428,RGPH
Mali,ML,Sikasso,ML03,Sikasso,ML0305,Doumanaba,ML030508,2009,6565,7297,13862,RGPH
Mali,ML,Sikasso,ML03,Sikasso,ML0305,Fama,ML030509,2009,5275,5489,10764,RGPH
Mali,ML,Sikasso,ML03,Sikasso,ML0305,Farakala,ML030510,2009,3676,3912,7588,RGPH
Mali,ML,Sikasso,ML03,Sikasso,ML0305,Finkolo,ML030511,2009,6988,7191,14179,RGPH
Mali,ML,Sikasso,ML03,Sikasso,ML0305,Finkolo Ganadougou,ML030512,2009,8635,8698,17333,RGPH
Mali,ML,Sikasso,ML03,Sikasso,ML0305,Gongasso,ML030513,2009,4215,4591,8806,RGPH
Mali,ML,Sikasso,ML03,Sikasso,ML0305,Kabarasso,ML030514,2009,4043,4443,8486,RGPH
Mali,ML,Sikasso,ML03,Sikasso,ML0305,Kaboila,ML030515,2009,13200,14098,27298,RGPH
Mali,ML,Sikasso,ML03,Sikasso,ML0305,Kafouziela,ML030516,2009,3108,3304,6412,RGPH
Mali,ML,Sikasso,ML03,Sikasso,ML0305,Kapala,ML030517,2009,5040,5245,10285,RGPH
Mali,ML,Sikasso,ML03,Sikasso,ML0305,Kapolondougou,ML030518,2009,6990,7679,14669,RGPH
Mali,ML,Sikasso,ML03,Sikasso,ML0305,Kignan,ML030519,2009,12809,13154,25963,RGPH
Mali,ML,Sikasso,ML03,Sikasso,ML0305,Klela,ML030520,2009,12199,12671,24870,RGPH
Mali,ML,Sikasso,ML03,Sikasso,ML0305,Kofan,ML030521,2009,4720,5578,10298,RGPH
Mali,ML,Sikasso,ML03,Sikasso,ML0305,Kolokoba,ML030522,2009,3548,4155,7703,RGPH
Mali,ML,Sikasso,ML03,Sikasso,ML0305,Koumankou,ML030523,2009,4457,4498,8955,RGPH
Mali,ML,Sikasso,ML03,Sikasso,ML0305,Kouoro,ML030524,2009,7532,7567,15099,RGPH
Mali,ML,Sikasso,ML03,Sikasso,ML0305,Kourouma,ML030525,2009,7138,7603,14741,RGPH
Mali,ML,Sikasso,ML03,Sikasso,ML0305,Lobougoula,ML030526,2009,14790,16428,31218,RGPH
Mali,ML,Sikasso,ML03,Sikasso,ML0305,Miniko,ML030527,2009,1678,1615,3293,RGPH
Mali,ML,Sikasso,ML03,Sikasso,ML0305,Miria,ML030528,2009,4649,5340,9989,RGPH
Mali,ML,Sikasso,ML03,Sikasso,ML0305,Missirikoro,ML030529,2009,2146,2259,4405,RGPH
Mali,ML,Sikasso,ML03,Sikasso,ML0305,Sokourani Missirikoro,ML030537,2009,1632,1740,3372,RGPH
Mali,ML,Sikasso,ML03,Sikasso,ML0305,Natien,ML030530,2009,18507,18870,37377,RGPH
Mali,ML,Sikasso,ML03,Sikasso,ML0305,Niena,ML030531,2009,4958,5086,10044,RGPH
Mali,ML,Sikasso,ML03,Sikasso,ML0305,Nongo-Souala,ML030532,2009,1920,1914,3834,RGPH
Mali,ML,Sikasso,ML03,Sikasso,ML0305,N'tjikouna,ML030533,2009,3283,3634,6917,RGPH
Mali,ML,Sikasso,ML03,Sikasso,ML0305,Pimperna,ML030534,2009,4482,4826,9308,RGPH
Mali,ML,Sikasso,ML03,Sikasso,ML0305,Sanzana,ML030535,2009,5479,5820,11299,RGPH
Mali,ML,Sikasso,ML03,Sikasso,ML0305,Sikasso Commune,ML030536,2009,114171,112447,226618,RGPH
Mali,ML,Sikasso,ML03,Sikasso,ML0305,Tella,ML030538,2009,3698,3909,7607,RGPH
Mali,ML,Sikasso,ML03,Sikasso,ML0305,Tiankadi,ML030539,2009,2230,2478,4708,RGPH
Mali,ML,Sikasso,ML03,Sikasso,ML0305,Wateni,ML030540,2009,3097,3110,6207,RGPH
Mali,ML,Sikasso,ML03,Sikasso,ML0305,Zanferebougou,ML030541,2009,2237,2416,4653,RGPH
Mali,ML,Sikasso,ML03,Sikasso,ML0305,Zangaradougou,ML030542,2009,3537,3724,7261,RGPH
Mali,ML,Sikasso,ML03,Sikasso,ML0305,Zaniena,ML030543,2009,3523,3595,7118,RGPH
Mali,ML,Segou,ML04,Baroueli,ML0401,Baraoueli,ML040101,2009,6446,6483,12929,RGPH
Mali,ML,Segou,ML04,Baroueli,ML0401,Boidie,ML040102,2009,10983,11073,22056,RGPH
Mali,ML,Segou,ML04,Baroueli,ML0401,Dougoufie,ML040103,2009,4541,4719,9260,RGPH
Mali,ML,Segou,ML04,Baroueli,ML0401,Gouendo,ML040104,2009,5212,5376,10588,RGPH
Mali,ML,Segou,ML04,Baroueli,ML0401,Kalake,ML040105,2009,7973,8536,16509,RGPH
Mali,ML,Segou,ML04,Baroueli,ML0401,Konobougou,ML040106,2009,18369,18867,37236,RGPH
Mali,ML,Segou,ML04,Segou,ML0406,N'gara,ML040618,2009,5693,6013,11706,RGPH
Mali,ML,Segou,ML04,Baroueli,ML0401,N'gassola,ML040107,2009,2829,2831,5660,RGPH
Mali,ML,Segou,ML04,Segou,ML0406,Samine,ML040623,2009,6076,6244,12320,RGPH
Mali,ML,Segou,ML04,Baroueli,ML0401,Sanando,ML040108,2009,16040,16603,32643,RGPH
Mali,ML,Segou,ML04,Baroueli,ML0401,Somo,ML040109,2009,3357,3518,6875,RGPH
Mali,ML,Segou,ML04,Baroueli,ML0401,Tamani,ML040110,2009,6307,6752,13059,RGPH
Mali,ML,Segou,ML04,Baroueli,ML0401,Tesserla,ML040111,2009,3054,3064,6118,RGPH
Mali,ML,Segou,ML04,Segou,ML0406,Baguindabougou,ML040601,2009,5154,5237,10391,RGPH
Mali,ML,Segou,ML04,Segou,ML0406,Bellen,ML040602,2009,3514,3401,6915,RGPH
Mali,ML,Segou,ML04,Segou,ML0406,Boussin,ML040603,2009,5534,5970,11504,RGPH
Mali,ML,Segou,ML04,Segou,ML0406,Cinzana,ML040604,2009,17974,18099,36073,RGPH
Mali,ML,Segou,ML04,Segou,ML0406,Diedougou,ML040605,2009,8238,8291,16529,RGPH
Mali,ML,Segou,ML04,Segou,ML0406,Diganibougou,ML040606,2009,7781,7839,15620,RGPH
Mali,ML,Segou,ML04,Segou,ML0406,Dioro,ML040607,2009,22715,23906,46621,RGPH
Mali,ML,Segou,ML04,Segou,ML0406,Diouna,ML040608,2009,16044,16505,32549,RGPH
Mali,ML,Segou,ML04,Segou,ML0406,Dougabougou,ML040609,2009,14039,13912,27951,RGPH
Mali,ML,Segou,ML04,Segou,ML0406,Farako,ML040610,2009,5686,6085,11771,RGPH
Mali,ML,Segou,ML04,Segou,ML0406,Farakou Massa,ML040611,2009,7090,7620,14710,RGPH
Mali,ML,Segou,ML04,Segou,ML0406,Fatine,ML040612,2009,12362,12782,25144,RGPH
Mali,ML,Segou,ML04,Segou,ML0406,Kamiandougou,ML040613,2009,7557,7620,15177,RGPH
Mali,ML,Segou,ML04,Segou,ML0406,Katiena,ML040614,2009,16982,17130,34112,RGPH
Mali,ML,Segou,ML04,Segou,ML0406,Konodimini,ML040615,2009,7802,8111,15913,RGPH
Mali,ML,Segou,ML04,Segou,ML0406,Markala,ML040616,2009,22577,23349,45926,RGPH
Mali,ML,Segou,ML04,Segou,ML0406,Massala,ML040617,2009,3619,3685,7304,RGPH
Mali,ML,Segou,ML04,Segou,ML0406,N'koumandougou,ML040619,2009,6828,6828,13656,RGPH
Mali,ML,Segou,ML04,Segou,ML0406,Pelengana,ML040620,2009,27796,28051,55847,RGPH
Mali,ML,Segou,ML04,Segou,ML0406,Sakoiba,ML040621,2009,9078,9208,18286,RGPH
Mali,ML,Segou,ML04,Segou,ML0406,Sama Foulala,ML040622,2009,3401,3631,7032,RGPH
Mali,ML,Segou,ML04,Segou,ML0406,Sansanding,ML040624,2009,11661,11738,23399,RGPH
Mali,ML,Segou,ML04,Segou,ML0406,Sebougou,ML040625,2009,7930,8320,16250,RGPH
Mali,ML,Segou,ML04,Segou,ML0406,Segou Commune,ML040626,2009,66819,66682,133501,RGPH
Mali,ML,Segou,ML04,Segou,ML0406,Sibila,ML040627,2009,9216,9889,19105,RGPH
Mali,ML,Segou,ML04,Segou,ML0406,Soignebougou,ML040628,2009,1547,1552,3099,RGPH
Mali,ML,Segou,ML04,Segou,ML0406,Souba,ML040629,2009,9872,10178,20050,RGPH
Mali,ML,Segou,ML04,Segou,ML0406,Togou,ML040630,2009,5345,5716,11061,RGPH
Mali,ML,Segou,ML04,Bla,ML0402,Beguene,ML040201,2009,5799,6101,11900,RGPH
Mali,ML,Segou,ML04,Bla,ML0402,Bla,ML040202,2009,22139,23335,45474,RGPH
Mali,ML,Segou,ML04,Bla,ML0402,Diaramana,ML040203,2009,9650,10403,20053,RGPH
Mali,ML,Segou,ML04,Bla,ML0402,Diena,ML040204,2009,4740,4762,9502,RGPH
Mali,ML,Segou,ML04,Bla,ML0402,Dougouolo,ML040205,2009,4230,4481,8711,RGPH
Mali,ML,Segou,ML04,Bla,ML0402,Falo,ML040206,2009,20313,20831,41144,RGPH
Mali,ML,Segou,ML04,Bla,ML0402,Fani,ML040207,2009,6709,7112,13821,RGPH
Mali,ML,Segou,ML04,Bla,ML0402,Kazangasso,ML040208,2009,2868,3133,6001,RGPH
Mali,ML,Segou,ML04,Bla,ML0402,Kemeni,ML040209,2009,6524,6898,13422,RGPH
Mali,ML,Segou,ML04,Bla,ML0402,Korodougou,ML040210,2009,5447,5889,11336,RGPH
Mali,ML,Segou,ML04,Bla,ML0402,Koulandougou,ML040211,2009,2328,2382,4710,RGPH
Mali,ML,Segou,ML04,Bla,ML0402,Niala,ML040212,2009,4947,5315,10262,RGPH
Mali,ML,Sikasso,ML03,Koutiala,ML0304,Niantaga,ML030424,2009,3231,3511,6742,RGPH
Mali,ML,Segou,ML04,Bla,ML0402,Samabogo,ML040213,2009,6338,6872,13210,RGPH
Mali,ML,Segou,ML04,Bla,ML0402,Somasso,ML040214,2009,5348,5600,10948,RGPH
Mali,ML,Segou,ML04,Bla,ML0402,Tiemena,ML040215,2009,5356,5813,11169,RGPH
Mali,ML,Segou,ML04,Bla,ML0402,Touna,ML040216,2009,14813,15586,30399,RGPH
Mali,ML,Segou,ML04,Bla,ML0402,Yangasso,ML040217,2009,10651,10965,21616,RGPH
Mali,ML,Segou,ML04,San,ML0405,Baramandougou,ML040501,2009,4510,4639,9149,RGPH
Mali,ML,Segou,ML04,San,ML0405,Dah,ML040502,2009,6436,6499,12935,RGPH
Mali,ML,Segou,ML04,San,ML0405,Diakourouna,ML040503,2009,5768,5931,11699,RGPH
Mali,ML,Segou,ML04,San,ML0405,Dieli,ML040504,2009,6813,7171,13984,RGPH
Mali,ML,Segou,ML04,San,ML0405,Djeguena,ML040505,2009,1953,2086,4039,RGPH
Mali,ML,Segou,ML04,San,ML0405,Fion,ML040506,2009,3195,3309,6504,RGPH
Mali,ML,Segou,ML04,San,ML0405,Kaniegue,ML040507,2009,3585,3535,7120,RGPH
Mali,ML,Segou,ML04,San,ML0405,Karaba,ML040508,2009,4285,4406,8691,RGPH
Mali,ML,Segou,ML04,San,ML0405,Kassorola,ML040509,2009,8134,8208,16342,RGPH
Mali,ML,Segou,ML04,San,ML0405,Kava,ML040510,2009,9079,9277,18356,RGPH
Mali,ML,Segou,ML04,San,ML0405,Moribila,ML040511,2009,5646,5898,11544,RGPH
Mali,ML,Segou,ML04,San,ML0405,N'goa,ML040512,2009,4527,4655,9182,RGPH
Mali,ML,Segou,ML04,San,ML0405,Niamana,ML040513,2009,6422,6750,13172,RGPH
Mali,ML,Segou,ML04,San,ML0405,Niasso,ML040514,2009,5067,5132,10199,RGPH
Mali,ML,Segou,ML04,San,ML0405,N'torosso,ML040515,2009,4783,4800,9583,RGPH
Mali,ML,Segou,ML04,San,ML0405,Ouolon,ML040516,2009,6653,6660,13313,RGPH
Mali,ML,Segou,ML04,San,ML0405,San Commune,ML040517,2009,33540,33427,66967,RGPH
Mali,ML,Segou,ML04,San,ML0405,Siadougou,ML040518,2009,8896,8848,17744,RGPH
Mali,ML,Segou,ML04,San,ML0405,Somo,ML040519,2009,1853,1891,3744,RGPH
Mali,ML,Segou,ML04,San,ML0405,Sourountouna,ML040520,2009,6142,6229,12371,RGPH
Mali,ML,Segou,ML04,San,ML0405,Sy,ML040521,2009,6371,6185,12556,RGPH
Mali,ML,Segou,ML04,San,ML0405,Tene,ML040522,2009,10211,10447,20658,RGPH
Mali,ML,Segou,ML04,San,ML0405,Teneni,ML040523,2009,3461,3539,7e3,RGPH
Mali,ML,Segou,ML04,San,ML0405,Tourakolomba,ML040524,2009,3934,3943,7877,RGPH
Mali,ML,Segou,ML04,San,ML0405,Waki,ML040525,2009,4429,4455,8884,RGPH
Mali,ML,Segou,ML04,Niono,ML0404,Diabaly,ML040401,2009,17222,17102,34324,RGPH
Mali,ML,Segou,ML04,Niono,ML0404,Dogofry,ML040402,2009,16904,17109,34013,RGPH
Mali,ML,Segou,ML04,Niono,ML0404,Kala Siguida,ML040403,2009,10582,10761,21343,RGPH
Mali,ML,Segou,ML04,Niono,ML0404,Mariko,ML040404,2009,11795,11518,23313,RGPH
Mali,ML,Segou,ML04,Niono,ML0404,Nampalari,ML040405,2009,5571,5533,11104,RGPH
Mali,ML,Segou,ML04,Niono,ML0404,Niono,ML040406,2009,40469,41174,81643,RGPH
Mali,ML,Segou,ML04,Niono,ML0404,Pogo,ML040407,2009,8143,8182,16325,RGPH
Mali,ML,Segou,ML04,Niono,ML0404,Siribala,ML040408,2009,19101,18665,37766,RGPH
Mali,ML,Segou,ML04,Niono,ML0404,Sirifila Boundy,ML040409,2009,16195,16720,32915,RGPH
Mali,ML,Segou,ML04,Niono,ML0404,Sokolo,ML040410,2009,12521,12528,25049,RGPH
Mali,ML,Segou,ML04,Niono,ML0404,Toridaga Ko,ML040411,2009,14351,15415,29766,RGPH
Mali,ML,Segou,ML04,Niono,ML0404,Yeredon Saniona,ML040412,2009,8521,8789,17310,RGPH
Mali,ML,Segou,ML04,Tominian,ML0407,Benena,ML040701,2009,9039,8893,17932,RGPH
Mali,ML,Segou,ML04,Tominian,ML0407,Diora,ML040702,2009,8372,7633,16005,RGPH
Mali,ML,Segou,ML04,Tominian,ML0407,Fangasso,ML040703,2009,11871,11944,23815,RGPH
Mali,ML,Segou,ML04,Tominian,ML0407,Koula,ML040704,2009,8905,9184,18089,RGPH
Mali,ML,Segou,ML04,Tominian,ML0407,Lanfiala,ML040705,2009,4646,4795,9441,RGPH
Mali,ML,Segou,ML04,Tominian,ML0407,Mafoune,ML040706,2009,11600,11683,23283,RGPH
Mali,ML,Segou,ML04,Tominian,ML0407,Mandiakuy,ML040707,2009,10808,10279,21087,RGPH
Mali,ML,Segou,ML04,Tominian,ML0407,Ouan,ML040708,2009,4509,4599,9108,RGPH
Mali,ML,Segou,ML04,Tominian,ML0407,Sanekuy,ML040709,2009,8129,7605,15734,RGPH
Mali,ML,Segou,ML04,Tominian,ML0407,Timissa,ML040710,2009,8757,8823,17580,RGPH
Mali,ML,Segou,ML04,Tominian,ML0407,Tominian,ML040711,2009,12520,12533,25053,RGPH
Mali,ML,Segou,ML04,Tominian,ML0407,Yasso,ML040712,2009,7021,6809,13830,RGPH
Mali,ML,Segou,ML04,Macina,ML0403,Boky Were,ML040301,2009,7745,7657,15402,RGPH
Mali,ML,Segou,ML04,Macina,ML0403,Folomana,ML040302,2009,4201,4210,8411,RGPH
Mali,ML,Segou,ML04,Macina,ML0403,Kokry Centre,ML040303,2009,8781,8703,17484,RGPH
Mali,ML,Segou,ML04,Macina,ML0403,Kolongo,ML040304,2009,16552,17622,34174,RGPH
Mali,ML,Segou,ML04,Macina,ML0403,Macina,ML040305,2009,17721,18551,36272,RGPH
Mali,ML,Segou,ML04,Macina,ML0403,Matomo,ML040306,2009,7394,7633,15027,RGPH
Mali,ML,Segou,ML04,Macina,ML0403,Monimpebougou,ML040307,2009,16696,17258,33954,RGPH
Mali,ML,Segou,ML04,Macina,ML0403,Saloba,ML040308,2009,17041,17851,34892,RGPH
Mali,ML,Segou,ML04,Macina,ML0403,Sana,ML040309,2009,11432,11910,23342,RGPH
Mali,ML,Segou,ML04,Macina,ML0403,Souleye,ML040310,2009,4747,5120,9867,RGPH
Mali,ML,Segou,ML04,Macina,ML0403,Tongue,ML040311,2009,3542,3710,7252,RGPH
Mali,ML,Mopti,ML05,Mopti,ML0506,Bassirou,ML050601,2009,825,893,1718,RGPH
Mali,ML,Mopti,ML05,Mopti,ML0506,Borondougou,ML050602,2009,3945,4125,8070,RGPH
Mali,ML,Mopti,ML05,Mopti,ML0506,Dialloube,ML050603,2009,15212,15736,30948,RGPH
Mali,ML,Mopti,ML05,Mopti,ML0506,Fatoma,ML050604,2009,7140,7770,14910,RGPH
Mali,ML,Mopti,ML05,Mopti,ML0506,Konna,ML050605,2009,18308,18482,36790,RGPH
Mali,ML,Mopti,ML05,Mopti,ML0506,Korombana,ML050606,2009,14516,15225,29741,RGPH
Mali,ML,Mopti,ML05,Mopti,ML0506,Koubaye,ML050607,2009,3289,3282,6571,RGPH
Mali,ML,Mopti,ML05,Mopti,ML0506,Kounari,ML050608,2009,7539,7948,15487,RGPH
Mali,ML,Mopti,ML05,Mopti,ML0506,Mopti Commune,ML050609,2009,60080,60706,120786,RGPH
Mali,ML,Mopti,ML05,Mopti,ML0506,Ouro Modi,ML050610,2009,1566,1762,3328,RGPH
Mali,ML,Mopti,ML05,Mopti,ML0506,Ouroube Doude,ML050611,2009,6180,6044,12224,RGPH
Mali,ML,Mopti,ML05,Mopti,ML0506,Sio,ML050613,2009,11921,12209,24130,RGPH
Mali,ML,Mopti,ML05,Mopti,ML0506,Socoura,ML050614,2009,18803,18180,36983,RGPH
Mali,ML,Mopti,ML05,Mopti,ML0506,Soye,ML050615,2009,10760,10463,21223,RGPH
Mali,ML,Mopti,ML05,Bandiagara,ML0501,Bandiagara Commune,ML050101,2009,8847,8319,17166,RGPH
Mali,ML,Mopti,ML05,Bandiagara,ML0501,Bara Sara,ML050102,2009,7541,7492,15033,RGPH
Mali,ML,Mopti,ML05,Bandiagara,ML0501,Borko,ML050103,2009,3354,3677,7031,RGPH
Mali,ML,Mopti,ML05,Bandiagara,ML0501,Dandoli,ML050104,2009,4670,4909,9579,RGPH
Mali,ML,Mopti,ML05,Bandiagara,ML0501,Diamnati,ML050105,2009,6314,6834,13148,RGPH
Mali,ML,Mopti,ML05,Bandiagara,ML0501,Dogani Bere,ML050106,2009,2125,2294,4419,RGPH
Mali,ML,Mopti,ML05,Bandiagara,ML0501,Doucoumbo,ML050107,2009,9906,10929,20835,RGPH
Mali,ML,Mopti,ML05,Bandiagara,ML0501,Dourou,ML050108,2009,9666,9858,19524,RGPH
Mali,ML,Mopti,ML05,Koro,ML0505,Kassa,ML050509,2009,8996,9905,18901,RGPH
Mali,ML,Mopti,ML05,Bandiagara,ML0501,Kende,ML050109,2009,1805,1921,3726,RGPH
Mali,ML,Mopti,ML05,Bandiagara,ML0501,Kendie,ML050110,2009,12153,13329,25482,RGPH
Mali,ML,Mopti,ML05,Bandiagara,ML0501,Lowol Gueou,ML050111,2009,4527,4430,8957,RGPH
Mali,ML,Mopti,ML05,Bandiagara,ML0501,Metoumou,ML050112,2009,6394,7622,14016,RGPH
Mali,ML,Mopti,ML05,Bandiagara,ML0501,Ondougou,ML050113,2009,2585,3072,5657,RGPH
Mali,ML,Mopti,ML05,Bandiagara,ML0501,Pelou,ML050114,2009,2060,2287,4347,RGPH
Mali,ML,Mopti,ML05,Bandiagara,ML0501,Pignari,ML050115,2009,7740,8323,16063,RGPH
Mali,ML,Mopti,ML05,Bandiagara,ML0501,Pignari Bana,ML050116,2009,14464,15615,30079,RGPH
Mali,ML,Mopti,ML05,Bandiagara,ML0501,Sangha,ML050117,2009,15033,15765,30798,RGPH
Mali,ML,Mopti,ML05,Bandiagara,ML0501,Segue Ire,ML050118,2009,6762,8099,14861,RGPH
Mali,ML,Mopti,ML05,Bandiagara,ML0501,Soroly,ML050119,2009,3458,3838,7296,RGPH
Mali,ML,Mopti,ML05,Bandiagara,ML0501,Timiri,ML050120,2009,13628,14124,27752,RGPH
Mali,ML,Mopti,ML05,Bandiagara,ML0501,Wadouba,ML050121,2009,13382,14477,27859,RGPH
Mali,ML,Mopti,ML05,Bankass,ML0502,Bankass,ML050201,2009,15260,15216,30476,RGPH
Mali,ML,Mopti,ML05,Bankass,ML0502,Baye,ML050202,2009,7196,7453,14649,RGPH
Mali,ML,Mopti,ML05,Bankass,ML0502,Diallassagou,ML050203,2009,11256,11453,22709,RGPH
Mali,ML,Mopti,ML05,Bankass,ML0502,Dimbal Habe,ML050204,2009,8686,8996,17682,RGPH
Mali,ML,Mopti,ML05,Bankass,ML0502,Kani Bozon,ML050205,2009,6712,6370,13082,RGPH
Mali,ML,Mopti,ML05,Bankass,ML0502,Koulogon Habe,ML050206,2009,7146,7365,14511,RGPH
Mali,ML,Mopti,ML05,Bankass,ML0502,Lessagou Habe,ML050207,2009,7811,7741,15552,RGPH
Mali,ML,Mopti,ML05,Bankass,ML0502,Ouonkoro,ML050208,2009,11559,11143,22702,RGPH
Mali,ML,Mopti,ML05,Bankass,ML0502,Segue,ML050209,2009,10835,11232,22067,RGPH
Mali,ML,Mopti,ML05,Bankass,ML0502,Sokoura,ML050210,2009,19415,19150,38565,RGPH
Mali,ML,Mopti,ML05,Bankass,ML0502,Soubala,ML050211,2009,5278,5406,10684,RGPH
Mali,ML,Mopti,ML05,Bankass,ML0502,Tori,ML050212,2009,8819,9192,18011,RGPH
Mali,ML,Mopti,ML05,Youwarou,ML0508,Bimbere Tama,ML050801,2009,3990,4249,8239,RGPH
Mali,ML,Mopti,ML05,Youwarou,ML0508,Deboye,ML050802,2009,11537,11615,23152,RGPH
Mali,ML,Mopti,ML05,Youwarou,ML0508,Dirma,ML050803,2009,4045,4073,8118,RGPH
Mali,ML,Mopti,ML05,Youwarou,ML0508,Dongo,ML050804,2009,5687,5789,11476,RGPH
Mali,ML,Mopti,ML05,Youwarou,ML0508,Farimake,ML050805,2009,6035,5881,11916,RGPH
Mali,ML,Mopti,ML05,Youwarou,ML0508,N'dodjiga,ML050806,2009,11127,11182,22309,RGPH
Mali,ML,Mopti,ML05,Youwarou,ML0508,Youwarou,ML050807,2009,11577,11736,23313,RGPH
Mali,ML,Mopti,ML05,Djenne,ML0503,Dandougou Fakala,ML050301,2009,4688,4722,9410,RGPH
Mali,ML,Mopti,ML05,Djenne,ML0503,Derrary,ML050302,2009,3343,3619,6962,RGPH
Mali,ML,Mopti,ML05,Djenne,ML0503,Djenne Commune,ML050303,2009,13320,12947,26267,RGPH
Mali,ML,Mopti,ML05,Djenne,ML0503,Fakala,ML050304,2009,16709,17005,33714,RGPH
Mali,ML,Mopti,ML05,Djenne,ML0503,Femaye,ML050305,2009,7990,8334,16324,RGPH
Mali,ML,Mopti,ML05,Djenne,ML0503,Kewa,ML050306,2009,10834,11191,22025,RGPH
Mali,ML,Mopti,ML05,Djenne,ML0503,Madiama,ML050307,2009,5735,6098,11833,RGPH
Mali,ML,Mopti,ML05,Djenne,ML0503,Nema Badenyakafo,ML050308,2009,22925,23474,46399,RGPH
Mali,ML,Mopti,ML05,Djenne,ML0503,Niansanari,ML050309,2009,2353,2390,4743,RGPH
Mali,ML,Mopti,ML05,Djenne,ML0503,Ouro Ali,ML050310,2009,5309,5517,10826,RGPH
Mali,ML,Mopti,ML05,Djenne,ML0503,Pondori,ML050311,2009,4923,5068,9991,RGPH
Mali,ML,Mopti,ML05,Djenne,ML0503,Togue Mourari,ML050312,2009,4611,5308,9919,RGPH
Mali,ML,Mopti,ML05,Douentza,ML0504,Dallah,ML050401,2009,4092,4011,8103,RGPH
Mali,ML,Mopti,ML05,Douentza,ML0504,Dangol Bore,ML050402,2009,13202,13338,26540,RGPH
Mali,ML,Mopti,ML05,Douentza,ML0504,Debere,ML050403,2009,3435,3518,6953,RGPH
Mali,ML,Mopti,ML05,Douentza,ML0504,Dianwely,ML050404,2009,4356,4293,8649,RGPH
Mali,ML,Mopti,ML05,Douentza,ML0504,Djaptodji,ML050405,2009,18354,17878,36232,RGPH
Mali,ML,Mopti,ML05,Douentza,ML0504,Douentza Commune,ML050406,2009,12369,11636,24005,RGPH
Mali,ML,Mopti,ML05,Douentza,ML0504,Gandamia,ML050407,2009,3015,2946,5961,RGPH
Mali,ML,Mopti,ML05,Douentza,ML0504,Haire,ML050408,2009,15055,14953,30008,RGPH
Mali,ML,Mopti,ML05,Douentza,ML0504,Hombori,ML050409,2009,11551,11552,23103,RGPH
Mali,ML,Mopti,ML05,Douentza,ML0504,Kerena,ML050410,2009,2003,1900,3903,RGPH
Mali,ML,Mopti,ML05,Douentza,ML0504,Korarou,ML050411,2009,1833,1616,3449,RGPH
Mali,ML,Mopti,ML05,Douentza,ML0504,Koubewel Koundia,ML050412,2009,6451,6729,13180,RGPH
Mali,ML,Mopti,ML05,Douentza,ML0504,Mondoro,ML050413,2009,21863,20331,42194,RGPH
Mali,ML,Mopti,ML05,Douentza,ML0504,Petaka,ML050414,2009,2850,2703,5553,RGPH
Mali,ML,Mopti,ML05,Douentza,ML0504,Tedie,ML050415,2009,4265,4527,8792,RGPH
Mali,ML,Mopti,ML05,Koro,ML0505,Bamba,ML050501,2009,6388,7015,13403,RGPH
Mali,ML,Mopti,ML05,Koro,ML0505,Barapireli,ML050502,2009,21449,21413,42862,RGPH
Mali,ML,Mopti,ML05,Koro,ML0505,Bondo,ML050503,2009,9708,9884,19592,RGPH
Mali,ML,Mopti,ML05,Koro,ML0505,Diankabou,ML050504,2009,5789,5826,11615,RGPH
Mali,ML,Mopti,ML05,Koro,ML0505,Dinangourou,ML050505,2009,16278,16545,32823,RGPH
Mali,ML,Mopti,ML05,Koro,ML0505,Diougani,ML050506,2009,9655,9521,19176,RGPH
Mali,ML,Mopti,ML05,Koro,ML0505,Dougoutene 1,ML050507,2009,10334,10596,20930,RGPH
Mali,ML,Mopti,ML05,Koro,ML0505,Dougoutene 2,ML050508,2009,10221,10824,21045,RGPH
Mali,ML,Mopti,ML05,Koro,ML0505,Koporo Pen,ML050510,2009,9281,9485,18766,RGPH
Mali,ML,Mopti,ML05,Koro,ML0505,Koporokendie Na,ML050511,2009,9147,9357,18504,RGPH
Mali,ML,Mopti,ML05,Koro,ML0505,Koro,ML050512,2009,31495,31846,63341,RGPH
Mali,ML,Mopti,ML05,Koro,ML0505,Madougou,ML050513,2009,14113,14830,28943,RGPH
Mali,ML,Mopti,ML05,Koro,ML0505,Pel Maoude,ML050514,2009,6750,6909,13659,RGPH
Mali,ML,Mopti,ML05,Koro,ML0505,Yoro,ML050515,2009,9389,9720,19109,RGPH
Mali,ML,Mopti,ML05,Koro,ML0505,Youdiou,ML050516,2009,8221,8257,16478,RGPH
Mali,ML,Mopti,ML05,Tenenkou,ML0507,Diafarabe,ML050701,2009,7423,7484,14907,RGPH
Mali,ML,Mopti,ML05,Tenenkou,ML0507,Diaka,ML050702,2009,9652,9828,19480,RGPH
Mali,ML,Mopti,ML05,Tenenkou,ML0507,Diondiori,ML050703,2009,10117,10375,20492,RGPH
Mali,ML,Mopti,ML05,Tenenkou,ML0507,Kareri,ML050704,2009,13950,13853,27803,RGPH
Mali,ML,Mopti,ML05,Tenenkou,ML0507,Ouro Ardo,ML050705,2009,4987,5354,10341,RGPH
Mali,ML,Mopti,ML05,Tenenkou,ML0507,Ouro Guire,ML050706,2009,3942,4200,8142,RGPH
Mali,ML,Mopti,ML05,Mopti,ML0506,Sasalbe,ML050612,2009,2942,3054,5996,RGPH
Mali,ML,Mopti,ML05,Tenenkou,ML0507,Sougoulbe,ML050707,2009,4372,4883,9255,RGPH
Mali,ML,Mopti,ML05,Tenenkou,ML0507,Tenenkou Commune,ML050708,2009,5595,5679,11274,RGPH
Mali,ML,Mopti,ML05,Tenenkou,ML0507,Togoro Kotia,ML050709,2009,6658,6997,13655,RGPH
Mali,ML,Mopti,ML05,Tenenkou,ML0507,Toguere-Coumbe,ML050710,2009,13522,14053,27575,RGPH
Mali,ML,Tombouctou,ML06,Tombouctou,ML0605,Alafia,ML060501,2009,6362,6550,12912,RGPH
Mali,ML,Tombouctou,ML06,Tombouctou,ML0605,Ber,ML060502,2009,9950,9017,18967,RGPH
Mali,ML,Tombouctou,ML06,Tombouctou,ML0605,Bourem Inaly,ML060503,2009,4066,4489,8555,RGPH
Mali,ML,Tombouctou,ML06,Tombouctou,ML0605,Lafia,ML060504,2009,3807,3947,7754,RGPH
Mali,ML,Tombouctou,ML06,Tombouctou,ML0605,Salam,ML060505,2009,11705,9757,21462,RGPH
Mali,ML,Tombouctou,ML06,Tombouctou,ML0605,Tombouctou,ML060506,2009,27915,26714,54629,RGPH
Mali,ML,Tombouctou,ML06,Dire,ML0601,Arham,ML060101,2009,1358,1461,2819,RGPH
Mali,ML,Tombouctou,ML06,Dire,ML0601,Binga,ML060102,2009,2499,2616,5115,RGPH
Mali,ML,Tombouctou,ML06,Dire,ML0601,Bourem Sidi Amar,ML060103,2009,5462,6142,11604,RGPH
Mali,ML,Tombouctou,ML06,Dire,ML0601,Dangha,ML060104,2009,6426,6479,12905,RGPH
Mali,ML,Tombouctou,ML06,Dire,ML0601,Dire,ML060105,2009,10193,10144,20337,RGPH
Mali,ML,Tombouctou,ML06,Dire,ML0601,Garbakoira,ML060106,2009,2960,2691,5651,RGPH
Mali,ML,Tombouctou,ML06,Dire,ML0601,Haibongo,ML060107,2009,7110,7147,14257,RGPH
Mali,ML,Tombouctou,ML06,Dire,ML0601,Kirchamba,ML060108,2009,2090,2030,4120,RGPH
Mali,ML,Tombouctou,ML06,Dire,ML0601,Kondi,ML060109,2009,1548,1503,3051,RGPH
Mali,ML,Tombouctou,ML06,Dire,ML0601,Sareyamou,ML060110,2009,8417,8529,16946,RGPH
Mali,ML,Tombouctou,ML06,Dire,ML0601,Tienkour,ML060111,2009,3248,3279,6527,RGPH
Mali,ML,Tombouctou,ML06,Dire,ML0601,Tindirma,ML060112,2009,3208,3269,6477,RGPH
Mali,ML,Tombouctou,ML06,Dire,ML0601,Tinguereguif,ML060113,2009,1455,1446,2901,RGPH
Mali,ML,Tombouctou,ML06,Goundam,ML0602,Adarmalane,ML060201,2009,463,492,955,RGPH
Mali,ML,Tombouctou,ML06,Goundam,ML0602,Alzounoub,ML060202,2009,2399,2078,4477,RGPH
Mali,ML,Tombouctou,ML06,Goundam,ML0602,Bintagoungou,ML060203,2009,4065,4248,8313,RGPH
Mali,ML,Tombouctou,ML06,Goundam,ML0602,Douekire,ML060204,2009,8999,9096,18095,RGPH
Mali,ML,Tombouctou,ML06,Goundam,ML0602,Doukouria,ML060205,2009,1468,1297,2765,RGPH
Mali,ML,Tombouctou,ML06,Goundam,ML0602,Essakane,ML060206,2009,5825,5533,11358,RGPH
Mali,ML,Tombouctou,ML06,Goundam,ML0602,Gargando,ML060207,2009,4405,4117,8522,RGPH
Mali,ML,Tombouctou,ML06,Goundam,ML0602,Goundam Commune,ML060208,2009,6225,6361,12586,RGPH
Mali,ML,Tombouctou,ML06,Goundam,ML0602,Issa Bery,ML060209,2009,1989,2137,4126,RGPH
Mali,ML,Tombouctou,ML06,Goundam,ML0602,Kaneye,ML060210,2009,1167,1165,2332,RGPH
Mali,ML,Tombouctou,ML06,Goundam,ML0602,M'bouna,ML060211,2009,1894,1937,3831,RGPH
Mali,ML,Tombouctou,ML06,Goundam,ML0602,Razelma,ML060212,2009,2322,2076,4398,RGPH
Mali,ML,Tombouctou,ML06,Goundam,ML0602,Tele,ML060213,2009,2959,2967,5926,RGPH
Mali,ML,Tombouctou,ML06,Goundam,ML0602,Tilemsi,ML060214,2009,3917,3475,7392,RGPH
Mali,ML,Tombouctou,ML06,Goundam,ML0602,Tin Aicha,ML060215,2009,1503,1474,2977,RGPH
Mali,ML,Tombouctou,ML06,Goundam,ML0602,Tonka,ML060216,2009,25698,27578,53276,RGPH
Mali,ML,Tombouctou,ML06,Gourma-Rharous,ML0603,Bambara Maoude,ML060301,2009,8315,8170,16485,RGPH
Mali,ML,Tombouctou,ML06,Gourma-Rharous,ML0603,Banikane,ML060302,2009,2836,2825,5661,RGPH
Mali,ML,Tombouctou,ML06,Gourma-Rharous,ML0603,Gossi,ML060303,2009,11677,12388,24065,RGPH
Mali,ML,Tombouctou,ML06,Gourma-Rharous,ML0603,Hamzakoma,ML060304,2009,4475,4609,9084,RGPH
Mali,ML,Tombouctou,ML06,Gourma-Rharous,ML0603,Haribomo,ML060305,2009,3716,3655,7371,RGPH
Mali,ML,Tombouctou,ML06,Gourma-Rharous,ML0603,Inadiatafane,ML060306,2009,1851,1706,3557,RGPH
Mali,ML,Tombouctou,ML06,Gourma-Rharous,ML0603,Ouinerden,ML060307,2009,3081,3020,6101,RGPH
Mali,ML,Tombouctou,ML06,Gourma-Rharous,ML0603,Rharous,ML060308,2009,12646,13641,26287,RGPH
Mali,ML,Tombouctou,ML06,Gourma-Rharous,ML0603,Serere,ML060309,2009,4246,4388,8634,RGPH
Mali,ML,Tombouctou,ML06,Niafunke,ML0604,Banikane Narhawa,ML060401,2009,10719,10554,21273,RGPH
Mali,ML,Tombouctou,ML06,Niafunke,ML0604,Dianke,ML060402,2009,5171,5276,10447,RGPH
Mali,ML,Tombouctou,ML06,Niafunke,ML0604,Fittouga,ML060403,2009,15014,15083,30097,RGPH
Mali,ML,Tombouctou,ML06,Niafunke,ML0604,Koumaira,ML060404,2009,7296,7135,14431,RGPH
Mali,ML,Tombouctou,ML06,Niafunke,ML0604,Lere,ML060405,2009,8640,8792,17432,RGPH
Mali,ML,Tombouctou,ML06,Niafunke,ML0604,N'gorkou,ML060406,2009,12381,12008,24389,RGPH
Mali,ML,Tombouctou,ML06,Niafunke,ML0604,Soboundou,ML060407,2009,20201,20224,40425,RGPH
Mali,ML,Tombouctou,ML06,Niafunke,ML0604,Soumpi,ML060408,2009,8547,8401,16948,RGPH
Mali,ML,Gao,ML07,Gao,ML0703,Anchawadi,ML070301,2009,10714,9845,20559,RGPH
Mali,ML,Gao,ML07,Gao,ML0703,Gabero,ML070302,2009,12179,13442,25621,RGPH
Mali,ML,Gao,ML07,Gao,ML0703,Gao,ML070303,2009,43593,42760,86353,RGPH
Mali,ML,Gao,ML07,Gao,ML0703,Gounzoureye,ML070304,2009,13445,13804,27249,RGPH
Mali,ML,Gao,ML07,Gao,ML0703,N'tillit,ML070305,2009,11396,10889,22285,RGPH
Mali,ML,Gao,ML07,Gao,ML0703,Sony Aliber,ML070306,2009,23472,24146,47618,RGPH
Mali,ML,Gao,ML07,Gao,ML0703,Tilemsi,ML070307,2009,5227,4623,9850,RGPH
Mali,ML,Gao,ML07,Ansongo,ML0701,Ansongo,ML070101,2009,14707,15384,30091,RGPH
Mali,ML,Gao,ML07,Ansongo,ML0701,Bara,ML070102,2009,7264,7828,15092,RGPH
Mali,ML,Gao,ML07,Ansongo,ML0701,Bourra,ML070103,2009,9397,9329,18726,RGPH
Mali,ML,Gao,ML07,Ansongo,ML0701,Ouattagouna,ML070104,2009,15153,15110,30263,RGPH
Mali,ML,Gao,ML07,Ansongo,ML0701,Talataye,ML070105,2009,7398,6625,14023,RGPH
Mali,ML,Gao,ML07,Ansongo,ML0701,Tessit,ML070106,2009,7142,6624,13766,RGPH
Mali,ML,Gao,ML07,Ansongo,ML0701,Tin Hama,ML070107,2009,5147,4845,9992,RGPH
Mali,ML,Gao,ML07,Bourem,ML0702,Bamba,ML070201,2009,13474,15142,28616,RGPH
Mali,ML,Gao,ML07,Bourem,ML0702,Bourem,ML070202,2009,13106,14382,27488,RGPH
Mali,ML,Gao,ML07,Bourem,ML0702,Taboye,ML070203,2009,9853,10788,20641,RGPH
Mali,ML,Gao,ML07,Bourem,ML0702,Tarkint,ML070204,2009,10241,8858,19099,RGPH
Mali,ML,Gao,ML07,Bourem,ML0702,Temera,ML070205,2009,9929,10587,20516,RGPH
Mali,ML,Gao,ML07,Menaka,ML0704,Alata,ML070405,2009,1597,1259,2856,RGPH
Mali,ML,Gao,ML07,Menaka,ML0704,Anderamboukane,ML070401,2009,9493,8597,18090,RGPH
Mali,ML,Gao,ML07,Menaka,ML0704,Inekar,ML070402,2009,2906,2515,5421,RGPH
Mali,ML,Gao,ML07,Menaka,ML0704,Menaka,ML070403,2009,11828,10831,22659,RGPH
Mali,ML,Gao,ML07,Menaka,ML0704,Tidermene,ML070404,2009,2958,2472,5430,RGPH
Mali,ML,Kidal,ML08,Kidal,ML0802,Anefif,ML080201,2009,2744,2375,5119,RGPH
Mali,ML,Kidal,ML08,Kidal,ML0802,Kidal,ML080203,2009,13996,11973,25969,RGPH
Mali,ML,Kidal,ML08,Tin-Essako,ML0804,Intadjedite,ML080402,2009,2992,2435,5427,RGPH
Mali,ML,Kidal,ML08,Tin-Essako,ML0804,Tin Essako,ML080401,2009,1402,1193,2595,RGPH
Mali,ML,Kidal,ML08,Abeibara,ML0801,Abeibara,ML080101,2009,2411,2138,4549,RGPH
Mali,ML,Kidal,ML08,Abeibara,ML0801,Boghassa,ML080102,2009,1765,1613,3378,RGPH
Mali,ML,Kidal,ML08,Abeibara,ML0801,Tinzawatene,ML080103,2009,1312,1057,2369,RGPH
Mali,ML,Kidal,ML08,Tessalit,ML0803,Adjelhoc,ML080301,2009,4139,3764,7903,RGPH
Mali,ML,Kidal,ML08,Kidal,ML0802,Essouk,ML080202,2009,1289,1089,2378,RGPH
Mali,ML,Kidal,ML08,Tessalit,ML0803,Tessalit,ML080302,2009,2959,2624,5583,RGPH
Mali,ML,Kidal,ML08,Tessalit,ML0803,Timtaghene,ML080303,2009,1326,1143,2469,RGPH
Mali,ML,Bamako,ML09,Bamako,ML0901,Commune I,ML090101,2009,168308,166587,334895,RGPH
Mali,ML,Bamako,ML09,Bamako,ML0901,Commune II,ML090102,2009,78690,80670,159360,RGPH
Mali,ML,Bamako,ML09,Bamako,ML0901,Commune III,ML090103,2009,63792,64874,128666,RGPH
Mali,ML,Bamako,ML09,Bamako,ML0901,Commune IV,ML090104,2009,152153,152373,304526,RGPH
Mali,ML,Bamako,ML09,Bamako,ML0901,Commune V,ML090105,2009,206749,206517,413266,RGPH
Mali,ML,Bamako,ML09,Bamako,ML0901,Commune VI,ML090106,2009,237951,231702,469653,RGPH
